,train_sub,Analysis,acc,Network_A,Network_B
0,MSC01,Same Subject,0.932142857142857,unassign,default
1,MSC02,Same Subject,0.9357142857142857,unassign,default
2,MSC03,Same Subject,0.8839285714285715,unassign,default
3,MSC04,Same Subject,0.9767857142857143,unassign,default
4,MSC05,Same Subject,0.9339285714285712,unassign,default
5,MSC06,Same Subject,0.8250000000000001,unassign,default
6,MSC07,Same Subject,0.925,unassign,default
7,MSC10,Same Subject,0.9232142857142857,unassign,default
8,MSC01,Different Subject,0.6023979591836734,unassign,default
9,MSC02,Different Subject,0.6419387755102041,unassign,default
10,MSC03,Different Subject,0.5399999999999999,unassign,default
11,MSC04,Different Subject,0.6137755102040815,unassign,default
12,MSC05,Different Subject,0.6775000000000001,unassign,default
13,MSC06,Different Subject,0.649030612244898,unassign,default
14,MSC07,Different Subject,0.6515306122448979,unassign,default
15,MSC10,Different Subject,0.6191836734693876,unassign,default
0,MSC01,Same Subject,0.8875000000000001,unassign,visual
1,MSC02,Same Subject,0.9178571428571428,unassign,visual
2,MSC03,Same Subject,0.9482142857142856,unassign,visual
3,MSC04,Same Subject,0.9071428571428573,unassign,visual
4,MSC05,Same Subject,0.932142857142857,unassign,visual
5,MSC06,Same Subject,0.8232142857142858,unassign,visual
6,MSC07,Same Subject,0.8410714285714286,unassign,visual
7,MSC10,Same Subject,0.7571428571428571,unassign,visual
8,MSC01,Different Subject,0.6420918367346938,unassign,visual
9,MSC02,Different Subject,0.5966326530612245,unassign,visual
10,MSC03,Different Subject,0.6248979591836735,unassign,visual
11,MSC04,Different Subject,0.5773979591836734,unassign,visual
12,MSC05,Different Subject,0.6547448979591837,unassign,visual
13,MSC06,Different Subject,0.618469387755102,unassign,visual
14,MSC07,Different Subject,0.5916326530612245,unassign,visual
15,MSC10,Different Subject,0.5781632653061225,unassign,visual
0,MSC01,Same Subject,0.9607142857142856,unassign,fp
1,MSC02,Same Subject,0.9267857142857144,unassign,fp
2,MSC03,Same Subject,0.7142857142857143,unassign,fp
3,MSC04,Same Subject,0.9517857142857143,unassign,fp
4,MSC05,Same Subject,0.9160714285714285,unassign,fp
5,MSC06,Same Subject,0.9303571428571429,unassign,fp
6,MSC07,Same Subject,0.8375,unassign,fp
7,MSC10,Same Subject,0.8428571428571427,unassign,fp
8,MSC01,Different Subject,0.5139795918367346,unassign,fp
9,MSC02,Different Subject,0.5131632653061224,unassign,fp
10,MSC03,Different Subject,0.5248979591836734,unassign,fp
11,MSC04,Different Subject,0.5937244897959183,unassign,fp
12,MSC05,Different Subject,0.620765306122449,unassign,fp
13,MSC06,Different Subject,0.615561224489796,unassign,fp
14,MSC07,Different Subject,0.5833673469387755,unassign,fp
15,MSC10,Different Subject,0.5511224489795918,unassign,fp
0,MSC01,Same Subject,0.9142857142857144,unassign,dan
1,MSC02,Same Subject,0.9392857142857144,unassign,dan
2,MSC03,Same Subject,0.8535714285714286,unassign,dan
3,MSC04,Same Subject,0.932142857142857,unassign,dan
4,MSC05,Same Subject,0.9035714285714286,unassign,dan
5,MSC06,Same Subject,0.9035714285714285,unassign,dan
6,MSC07,Same Subject,0.9285714285714286,unassign,dan
7,MSC10,Same Subject,0.8732142857142856,unassign,dan
8,MSC01,Different Subject,0.553826530612245,unassign,dan
9,MSC02,Different Subject,0.5392346938775511,unassign,dan
10,MSC03,Different Subject,0.5138775510204081,unassign,dan
11,MSC04,Different Subject,0.5634183673469388,unassign,dan
12,MSC05,Different Subject,0.6043877551020408,unassign,dan
13,MSC06,Different Subject,0.6125,unassign,dan
14,MSC07,Different Subject,0.6140816326530611,unassign,dan
15,MSC10,Different Subject,0.5913265306122449,unassign,dan
0,MSC01,Same Subject,0.8660714285714286,unassign,van
1,MSC02,Same Subject,0.8624999999999999,unassign,van
2,MSC03,Same Subject,0.8321428571428572,unassign,van
3,MSC04,Same Subject,0.9392857142857143,unassign,van
4,MSC05,Same Subject,0.9089285714285714,unassign,van
5,MSC06,Same Subject,0.8714285714285716,unassign,van
6,MSC07,Same Subject,0.9107142857142857,unassign,van
7,MSC10,Same Subject,0.8678571428571429,unassign,van
8,MSC01,Different Subject,0.5606122448979592,unassign,van
9,MSC02,Different Subject,0.7010714285714286,unassign,van
10,MSC03,Different Subject,0.6672448979591837,unassign,van
11,MSC04,Different Subject,0.5758673469387755,unassign,van
12,MSC05,Different Subject,0.5851530612244897,unassign,van
13,MSC06,Different Subject,0.6494387755102041,unassign,van
14,MSC07,Different Subject,0.5667857142857143,unassign,van
15,MSC10,Different Subject,0.6386734693877552,unassign,van
0,MSC01,Same Subject,0.8839285714285714,unassign,salience
1,MSC02,Same Subject,0.7785714285714285,unassign,salience
2,MSC03,Same Subject,0.6196428571428572,unassign,salience
3,MSC04,Same Subject,0.8160714285714287,unassign,salience
4,MSC05,Same Subject,0.8160714285714284,unassign,salience
5,MSC06,Same Subject,0.7732142857142857,unassign,salience
6,MSC07,Same Subject,0.8660714285714287,unassign,salience
7,MSC10,Same Subject,0.7125,unassign,salience
8,MSC01,Different Subject,0.515204081632653,unassign,salience
9,MSC02,Different Subject,0.5613775510204082,unassign,salience
10,MSC03,Different Subject,0.5558163265306123,unassign,salience
11,MSC04,Different Subject,0.5889795918367347,unassign,salience
12,MSC05,Different Subject,0.5691326530612245,unassign,salience
13,MSC06,Different Subject,0.5647448979591836,unassign,salience
14,MSC07,Different Subject,0.5778571428571428,unassign,salience
15,MSC10,Different Subject,0.6051020408163266,unassign,salience
0,MSC01,Same Subject,0.8892857142857143,unassign,co
1,MSC02,Same Subject,0.9196428571428571,unassign,co
2,MSC03,Same Subject,0.8267857142857142,unassign,co
3,MSC04,Same Subject,0.8892857142857142,unassign,co
4,MSC05,Same Subject,0.942857142857143,unassign,co
5,MSC06,Same Subject,0.7928571428571427,unassign,co
6,MSC07,Same Subject,0.9357142857142857,unassign,co
7,MSC10,Same Subject,0.8589285714285715,unassign,co
8,MSC01,Different Subject,0.607704081632653,unassign,co
9,MSC02,Different Subject,0.6383673469387754,unassign,co
10,MSC03,Different Subject,0.601326530612245,unassign,co
11,MSC04,Different Subject,0.5286224489795918,unassign,co
12,MSC05,Different Subject,0.5892857142857143,unassign,co
13,MSC06,Different Subject,0.5376020408163265,unassign,co
14,MSC07,Different Subject,0.6060204081632653,unassign,co
15,MSC10,Different Subject,0.5801020408163265,unassign,co
0,MSC01,Same Subject,0.8678571428571428,unassign,sm
1,MSC02,Same Subject,0.8535714285714285,unassign,sm
2,MSC03,Same Subject,0.7982142857142858,unassign,sm
3,MSC04,Same Subject,0.8339285714285715,unassign,sm
4,MSC05,Same Subject,0.9053571428571427,unassign,sm
5,MSC06,Same Subject,0.8089285714285716,unassign,sm
6,MSC07,Same Subject,0.8339285714285715,unassign,sm
7,MSC10,Same Subject,0.8803571428571428,unassign,sm
8,MSC01,Different Subject,0.5515816326530613,unassign,sm
9,MSC02,Different Subject,0.5512244897959183,unassign,sm
10,MSC03,Different Subject,0.5265816326530613,unassign,sm
11,MSC04,Different Subject,0.5424489795918367,unassign,sm
12,MSC05,Different Subject,0.5136734693877552,unassign,sm
13,MSC06,Different Subject,0.5444897959183673,unassign,sm
14,MSC07,Different Subject,0.5684183673469387,unassign,sm
15,MSC10,Different Subject,0.5868877551020407,unassign,sm
0,MSC01,Same Subject,0.7874999999999999,unassign,sm-lat
1,MSC02,Same Subject,0.744642857142857,unassign,sm-lat
2,MSC03,Same Subject,0.5732142857142858,unassign,sm-lat
3,MSC04,Same Subject,0.7392857142857142,unassign,sm-lat
4,MSC05,Same Subject,0.6535714285714286,unassign,sm-lat
5,MSC06,Same Subject,0.65,unassign,sm-lat
6,MSC07,Same Subject,0.7589285714285715,unassign,sm-lat
7,MSC10,Same Subject,0.8678571428571428,unassign,sm-lat
8,MSC01,Different Subject,0.5516326530612244,unassign,sm-lat
9,MSC02,Different Subject,0.5150510204081632,unassign,sm-lat
10,MSC03,Different Subject,0.5420408163265306,unassign,sm-lat
11,MSC04,Different Subject,0.5375,unassign,sm-lat
12,MSC05,Different Subject,0.5331122448979592,unassign,sm-lat
13,MSC06,Different Subject,0.478469387755102,unassign,sm-lat
14,MSC07,Different Subject,0.5581122448979593,unassign,sm-lat
15,MSC10,Different Subject,0.5602551020408164,unassign,sm-lat
0,MSC01,Same Subject,0.7750000000000001,unassign,auditory
1,MSC02,Same Subject,0.8678571428571428,unassign,auditory
2,MSC03,Same Subject,0.8714285714285713,unassign,auditory
3,MSC04,Same Subject,0.7357142857142857,unassign,auditory
4,MSC05,Same Subject,0.7875,unassign,auditory
5,MSC06,Same Subject,0.8482142857142856,unassign,auditory
6,MSC07,Same Subject,0.85,unassign,auditory
7,MSC10,Same Subject,0.7982142857142857,unassign,auditory
8,MSC01,Different Subject,0.5395408163265306,unassign,auditory
9,MSC02,Different Subject,0.5392857142857143,unassign,auditory
10,MSC03,Different Subject,0.5421938775510204,unassign,auditory
11,MSC04,Different Subject,0.5453061224489796,unassign,auditory
12,MSC05,Different Subject,0.49668367346938774,unassign,auditory
13,MSC06,Different Subject,0.49586734693877554,unassign,auditory
14,MSC07,Different Subject,0.5632142857142858,unassign,auditory
15,MSC10,Different Subject,0.5615306122448979,unassign,auditory
0,MSC01,Same Subject,0.8660714285714286,unassign,pmn
1,MSC02,Same Subject,0.7892857142857144,unassign,pmn
2,MSC03,Same Subject,0.7178571428571429,unassign,pmn
3,MSC04,Same Subject,0.8321428571428571,unassign,pmn
4,MSC05,Same Subject,0.8285714285714286,unassign,pmn
5,MSC06,Same Subject,0.7375,unassign,pmn
6,MSC07,Same Subject,0.75,unassign,pmn
7,MSC10,Same Subject,0.7500000000000001,unassign,pmn
8,MSC01,Different Subject,0.5620918367346939,unassign,pmn
9,MSC02,Different Subject,0.5888775510204082,unassign,pmn
10,MSC03,Different Subject,0.5336224489795919,unassign,pmn
11,MSC04,Different Subject,0.5491326530612245,unassign,pmn
12,MSC05,Different Subject,0.5807653061224489,unassign,pmn
13,MSC06,Different Subject,0.5320408163265306,unassign,pmn
14,MSC07,Different Subject,0.6035204081632652,unassign,pmn
15,MSC10,Different Subject,0.6190306122448979,unassign,pmn
0,MSC01,Same Subject,0.8375000000000001,unassign,pon
1,MSC02,Same Subject,0.7142857142857143,unassign,pon
2,MSC03,Same Subject,0.6767857142857142,unassign,pon
3,MSC04,Same Subject,0.8142857142857143,unassign,pon
4,MSC05,Same Subject,0.7678571428571429,unassign,pon
5,MSC06,Same Subject,0.8660714285714286,unassign,pon
6,MSC07,Same Subject,0.7000000000000001,unassign,pon
7,MSC10,Same Subject,0.7285714285714286,unassign,pon
8,MSC01,Different Subject,0.5265816326530612,unassign,pon
9,MSC02,Different Subject,0.5314795918367347,unassign,pon
10,MSC03,Different Subject,0.5153061224489796,unassign,pon
11,MSC04,Different Subject,0.5475510204081633,unassign,pon
12,MSC05,Different Subject,0.530765306122449,unassign,pon
13,MSC06,Different Subject,0.5491836734693878,unassign,pon
14,MSC07,Different Subject,0.5156122448979591,unassign,pon
15,MSC10,Different Subject,0.5283163265306122,unassign,pon
0,MSC01,Same Subject,0.9410714285714284,default,visual
1,MSC02,Same Subject,0.8910714285714285,default,visual
2,MSC03,Same Subject,0.9357142857142857,default,visual
3,MSC04,Same Subject,0.9625000000000001,default,visual
4,MSC05,Same Subject,0.9839285714285714,default,visual
5,MSC06,Same Subject,0.9285714285714286,default,visual
6,MSC07,Same Subject,0.9267857142857142,default,visual
7,MSC10,Same Subject,0.8589285714285714,default,visual
8,MSC01,Different Subject,0.7268367346938776,default,visual
9,MSC02,Different Subject,0.6615816326530612,default,visual
10,MSC03,Different Subject,0.686122448979592,default,visual
11,MSC04,Different Subject,0.7197448979591837,default,visual
12,MSC05,Different Subject,0.6794897959183672,default,visual
13,MSC06,Different Subject,0.7214285714285714,default,visual
14,MSC07,Different Subject,0.6923469387755102,default,visual
15,MSC10,Different Subject,0.570969387755102,default,visual
0,MSC01,Same Subject,0.9625000000000001,default,fp
1,MSC02,Same Subject,0.9035714285714286,default,fp
2,MSC03,Same Subject,0.8392857142857142,default,fp
3,MSC04,Same Subject,0.9107142857142856,default,fp
4,MSC05,Same Subject,0.975,default,fp
5,MSC06,Same Subject,0.9982142857142857,default,fp
6,MSC07,Same Subject,0.9,default,fp
7,MSC10,Same Subject,0.9267857142857144,default,fp
8,MSC01,Different Subject,0.5043367346938775,default,fp
9,MSC02,Different Subject,0.5769387755102041,default,fp
10,MSC03,Different Subject,0.6346428571428572,default,fp
11,MSC04,Different Subject,0.6819387755102041,default,fp
12,MSC05,Different Subject,0.6344897959183673,default,fp
13,MSC06,Different Subject,0.6840816326530612,default,fp
14,MSC07,Different Subject,0.5978061224489796,default,fp
15,MSC10,Different Subject,0.6900000000000001,default,fp
0,MSC01,Same Subject,0.9767857142857144,default,dan
1,MSC02,Same Subject,0.9571428571428572,default,dan
2,MSC03,Same Subject,0.8946428571428572,default,dan
3,MSC04,Same Subject,0.9607142857142857,default,dan
4,MSC05,Same Subject,0.9553571428571429,default,dan
5,MSC06,Same Subject,0.9785714285714285,default,dan
6,MSC07,Same Subject,0.9607142857142857,default,dan
7,MSC10,Same Subject,0.9160714285714285,default,dan
8,MSC01,Different Subject,0.5070408163265306,default,dan
9,MSC02,Different Subject,0.592908163265306,default,dan
10,MSC03,Different Subject,0.6185714285714285,default,dan
11,MSC04,Different Subject,0.6604081632653062,default,dan
12,MSC05,Different Subject,0.6523469387755101,default,dan
13,MSC06,Different Subject,0.7056632653061224,default,dan
14,MSC07,Different Subject,0.6862755102040817,default,dan
15,MSC10,Different Subject,0.6021938775510204,default,dan
0,MSC01,Same Subject,0.9214285714285715,default,van
1,MSC02,Same Subject,0.8839285714285715,default,van
2,MSC03,Same Subject,0.9035714285714286,default,van
3,MSC04,Same Subject,0.9053571428571429,default,van
4,MSC05,Same Subject,0.9214285714285715,default,van
5,MSC06,Same Subject,0.9500000000000001,default,van
6,MSC07,Same Subject,0.925,default,van
7,MSC10,Same Subject,0.9553571428571429,default,van
8,MSC01,Different Subject,0.5997448979591836,default,van
9,MSC02,Different Subject,0.6732653061224491,default,van
10,MSC03,Different Subject,0.6754591836734694,default,van
11,MSC04,Different Subject,0.5688775510204082,default,van
12,MSC05,Different Subject,0.5906632653061223,default,van
13,MSC06,Different Subject,0.6921428571428571,default,van
14,MSC07,Different Subject,0.6484183673469388,default,van
15,MSC10,Different Subject,0.6505102040816327,default,van
0,MSC01,Same Subject,0.8571428571428571,default,salience
1,MSC02,Same Subject,0.8517857142857144,default,salience
2,MSC03,Same Subject,0.7625000000000001,default,salience
3,MSC04,Same Subject,0.8678571428571428,default,salience
4,MSC05,Same Subject,0.8857142857142858,default,salience
5,MSC06,Same Subject,0.9232142857142857,default,salience
6,MSC07,Same Subject,0.85,default,salience
7,MSC10,Same Subject,0.8232142857142858,default,salience
8,MSC01,Different Subject,0.5711224489795917,default,salience
9,MSC02,Different Subject,0.6710204081632652,default,salience
10,MSC03,Different Subject,0.676734693877551,default,salience
11,MSC04,Different Subject,0.6108673469387754,default,salience
12,MSC05,Different Subject,0.6226020408163266,default,salience
13,MSC06,Different Subject,0.7078061224489796,default,salience
14,MSC07,Different Subject,0.6736734693877552,default,salience
15,MSC10,Different Subject,0.6410204081632653,default,salience
0,MSC01,Same Subject,0.9660714285714287,default,co
1,MSC02,Same Subject,0.9446428571428572,default,co
2,MSC03,Same Subject,0.8946428571428572,default,co
3,MSC04,Same Subject,0.9017857142857143,default,co
4,MSC05,Same Subject,0.9696428571428571,default,co
5,MSC06,Same Subject,0.9035714285714285,default,co
6,MSC07,Same Subject,0.9410714285714284,default,co
7,MSC10,Same Subject,0.8732142857142858,default,co
8,MSC01,Different Subject,0.6693367346938776,default,co
9,MSC02,Different Subject,0.7245408163265308,default,co
10,MSC03,Different Subject,0.6050000000000001,default,co
11,MSC04,Different Subject,0.7287755102040816,default,co
12,MSC05,Different Subject,0.6767857142857142,default,co
13,MSC06,Different Subject,0.6696938775510205,default,co
14,MSC07,Different Subject,0.7005102040816326,default,co
15,MSC10,Different Subject,0.5971428571428571,default,co
0,MSC01,Same Subject,0.9196428571428571,default,sm
1,MSC02,Same Subject,0.8464285714285714,default,sm
2,MSC03,Same Subject,0.8357142857142856,default,sm
3,MSC04,Same Subject,0.8357142857142857,default,sm
4,MSC05,Same Subject,0.9803571428571428,default,sm
5,MSC06,Same Subject,0.8517857142857144,default,sm
6,MSC07,Same Subject,0.8625,default,sm
7,MSC10,Same Subject,0.8125,default,sm
8,MSC01,Different Subject,0.5441836734693878,default,sm
9,MSC02,Different Subject,0.5980612244897959,default,sm
10,MSC03,Different Subject,0.5655612244897958,default,sm
11,MSC04,Different Subject,0.5727040816326531,default,sm
12,MSC05,Different Subject,0.5726020408163265,default,sm
13,MSC06,Different Subject,0.6003571428571429,default,sm
14,MSC07,Different Subject,0.5975510204081632,default,sm
15,MSC10,Different Subject,0.5873469387755101,default,sm
0,MSC01,Same Subject,0.8964285714285714,default,sm-lat
1,MSC02,Same Subject,0.7928571428571429,default,sm-lat
2,MSC03,Same Subject,0.5321428571428571,default,sm-lat
3,MSC04,Same Subject,0.755357142857143,default,sm-lat
4,MSC05,Same Subject,0.8071428571428572,default,sm-lat
5,MSC06,Same Subject,0.6482142857142857,default,sm-lat
6,MSC07,Same Subject,0.7357142857142857,default,sm-lat
7,MSC10,Same Subject,0.8982142857142856,default,sm-lat
8,MSC01,Different Subject,0.5746938775510203,default,sm-lat
9,MSC02,Different Subject,0.5994387755102041,default,sm-lat
10,MSC03,Different Subject,0.5094897959183673,default,sm-lat
11,MSC04,Different Subject,0.5565816326530613,default,sm-lat
12,MSC05,Different Subject,0.5308673469387755,default,sm-lat
13,MSC06,Different Subject,0.5352551020408164,default,sm-lat
14,MSC07,Different Subject,0.5869387755102041,default,sm-lat
15,MSC10,Different Subject,0.5718877551020408,default,sm-lat
0,MSC01,Same Subject,0.807142857142857,default,auditory
1,MSC02,Same Subject,0.8107142857142857,default,auditory
2,MSC03,Same Subject,0.7517857142857143,default,auditory
3,MSC04,Same Subject,0.8446428571428573,default,auditory
4,MSC05,Same Subject,0.8517857142857143,default,auditory
5,MSC06,Same Subject,0.9357142857142857,default,auditory
6,MSC07,Same Subject,0.9285714285714286,default,auditory
7,MSC10,Same Subject,0.8607142857142857,default,auditory
8,MSC01,Different Subject,0.6283163265306122,default,auditory
9,MSC02,Different Subject,0.5523469387755101,default,auditory
10,MSC03,Different Subject,0.5628061224489797,default,auditory
11,MSC04,Different Subject,0.6266836734693878,default,auditory
12,MSC05,Different Subject,0.5530612244897959,default,auditory
13,MSC06,Different Subject,0.5973979591836736,default,auditory
14,MSC07,Different Subject,0.5736734693877551,default,auditory
15,MSC10,Different Subject,0.5789795918367348,default,auditory
0,MSC01,Same Subject,0.9678571428571429,default,pmn
1,MSC02,Same Subject,0.8553571428571428,default,pmn
2,MSC03,Same Subject,0.7625000000000001,default,pmn
3,MSC04,Same Subject,0.8946428571428572,default,pmn
4,MSC05,Same Subject,0.9053571428571427,default,pmn
5,MSC06,Same Subject,0.9642857142857143,default,pmn
6,MSC07,Same Subject,0.7785714285714286,default,pmn
7,MSC10,Same Subject,0.7821428571428571,default,pmn
8,MSC01,Different Subject,0.6181122448979591,default,pmn
9,MSC02,Different Subject,0.5769897959183673,default,pmn
10,MSC03,Different Subject,0.5536734693877551,default,pmn
11,MSC04,Different Subject,0.6183673469387755,default,pmn
12,MSC05,Different Subject,0.5813265306122448,default,pmn
13,MSC06,Different Subject,0.6549489795918367,default,pmn
14,MSC07,Different Subject,0.6155612244897959,default,pmn
15,MSC10,Different Subject,0.6311224489795918,default,pmn
0,MSC01,Same Subject,0.794642857142857,default,pon
1,MSC02,Same Subject,0.7446428571428572,default,pon
2,MSC03,Same Subject,0.7464285714285713,default,pon
3,MSC04,Same Subject,0.9,default,pon
4,MSC05,Same Subject,0.932142857142857,default,pon
5,MSC06,Same Subject,0.8607142857142858,default,pon
6,MSC07,Same Subject,0.7875,default,pon
7,MSC10,Same Subject,0.7928571428571428,default,pon
8,MSC01,Different Subject,0.610969387755102,default,pon
9,MSC02,Different Subject,0.566734693877551,default,pon
10,MSC03,Different Subject,0.5659693877551021,default,pon
11,MSC04,Different Subject,0.5740306122448979,default,pon
12,MSC05,Different Subject,0.5587755102040817,default,pon
13,MSC06,Different Subject,0.5545408163265306,default,pon
14,MSC07,Different Subject,0.576938775510204,default,pon
15,MSC10,Different Subject,0.5473979591836734,default,pon
0,MSC01,Same Subject,0.9874999999999999,visual,fp
1,MSC02,Same Subject,0.9,visual,fp
2,MSC03,Same Subject,0.9196428571428571,visual,fp
3,MSC04,Same Subject,0.9357142857142857,visual,fp
4,MSC05,Same Subject,0.9767857142857143,visual,fp
5,MSC06,Same Subject,0.9607142857142856,visual,fp
6,MSC07,Same Subject,0.9214285714285715,visual,fp
7,MSC10,Same Subject,0.8232142857142858,visual,fp
8,MSC01,Different Subject,0.5204081632653061,visual,fp
9,MSC02,Different Subject,0.5740306122448979,visual,fp
10,MSC03,Different Subject,0.6869387755102042,visual,fp
11,MSC04,Different Subject,0.6817857142857141,visual,fp
12,MSC05,Different Subject,0.6570408163265304,visual,fp
13,MSC06,Different Subject,0.650408163265306,visual,fp
14,MSC07,Different Subject,0.634795918367347,visual,fp
15,MSC10,Different Subject,0.5332653061224489,visual,fp
0,MSC01,Same Subject,0.9732142857142857,visual,dan
1,MSC02,Same Subject,0.9535714285714285,visual,dan
2,MSC03,Same Subject,0.9410714285714287,visual,dan
3,MSC04,Same Subject,0.9392857142857143,visual,dan
4,MSC05,Same Subject,0.9428571428571428,visual,dan
5,MSC06,Same Subject,0.9249999999999999,visual,dan
6,MSC07,Same Subject,0.9357142857142857,visual,dan
7,MSC10,Same Subject,0.8821428571428572,visual,dan
8,MSC01,Different Subject,0.5166326530612244,visual,dan
9,MSC02,Different Subject,0.6124999999999998,visual,dan
10,MSC03,Different Subject,0.6699999999999999,visual,dan
11,MSC04,Different Subject,0.5090816326530613,visual,dan
12,MSC05,Different Subject,0.577908163265306,visual,dan
13,MSC06,Different Subject,0.6480102040816327,visual,dan
14,MSC07,Different Subject,0.5657142857142857,visual,dan
15,MSC10,Different Subject,0.5230102040816327,visual,dan
0,MSC01,Same Subject,0.9285714285714286,visual,van
1,MSC02,Same Subject,0.8821428571428572,visual,van
2,MSC03,Same Subject,0.8714285714285716,visual,van
3,MSC04,Same Subject,0.9249999999999999,visual,van
4,MSC05,Same Subject,0.9696428571428571,visual,van
5,MSC06,Same Subject,0.9375000000000001,visual,van
6,MSC07,Same Subject,0.8892857142857143,visual,van
7,MSC10,Same Subject,0.7321428571428571,visual,van
8,MSC01,Different Subject,0.6078061224489796,visual,van
9,MSC02,Different Subject,0.5946428571428571,visual,van
10,MSC03,Different Subject,0.6036734693877551,visual,van
11,MSC04,Different Subject,0.5703061224489796,visual,van
12,MSC05,Different Subject,0.5839285714285715,visual,van
13,MSC06,Different Subject,0.6695408163265306,visual,van
14,MSC07,Different Subject,0.6340816326530613,visual,van
15,MSC10,Different Subject,0.5336224489795918,visual,van
0,MSC01,Same Subject,0.8410714285714286,visual,salience
1,MSC02,Same Subject,0.7446428571428572,visual,salience
2,MSC03,Same Subject,0.8910714285714286,visual,salience
3,MSC04,Same Subject,0.8464285714285714,visual,salience
4,MSC05,Same Subject,0.9267857142857142,visual,salience
5,MSC06,Same Subject,0.7017857142857142,visual,salience
6,MSC07,Same Subject,0.8285714285714285,visual,salience
7,MSC10,Same Subject,0.7750000000000001,visual,salience
8,MSC01,Different Subject,0.563469387755102,visual,salience
9,MSC02,Different Subject,0.6015306122448979,visual,salience
10,MSC03,Different Subject,0.5730102040816326,visual,salience
11,MSC04,Different Subject,0.5408673469387756,visual,salience
12,MSC05,Different Subject,0.5482142857142857,visual,salience
13,MSC06,Different Subject,0.5723469387755101,visual,salience
14,MSC07,Different Subject,0.6103571428571428,visual,salience
15,MSC10,Different Subject,0.5953571428571429,visual,salience
0,MSC01,Same Subject,0.9500000000000001,visual,co
1,MSC02,Same Subject,0.8875,visual,co
2,MSC03,Same Subject,0.9249999999999999,visual,co
3,MSC04,Same Subject,0.9321428571428572,visual,co
4,MSC05,Same Subject,0.9625000000000001,visual,co
5,MSC06,Same Subject,0.9357142857142858,visual,co
6,MSC07,Same Subject,0.8785714285714284,visual,co
7,MSC10,Same Subject,0.8035714285714286,visual,co
8,MSC01,Different Subject,0.5514285714285714,visual,co
9,MSC02,Different Subject,0.6215816326530612,visual,co
10,MSC03,Different Subject,0.7261224489795918,visual,co
11,MSC04,Different Subject,0.6197448979591835,visual,co
12,MSC05,Different Subject,0.6579591836734694,visual,co
13,MSC06,Different Subject,0.6688775510204081,visual,co
14,MSC07,Different Subject,0.6232142857142857,visual,co
15,MSC10,Different Subject,0.5756632653061224,visual,co
0,MSC01,Same Subject,0.9125,visual,sm
1,MSC02,Same Subject,0.932142857142857,visual,sm
2,MSC03,Same Subject,0.8732142857142858,visual,sm
3,MSC04,Same Subject,0.9107142857142858,visual,sm
4,MSC05,Same Subject,0.9625,visual,sm
5,MSC06,Same Subject,0.8321428571428572,visual,sm
6,MSC07,Same Subject,0.8660714285714286,visual,sm
7,MSC10,Same Subject,0.8125,visual,sm
8,MSC01,Different Subject,0.5516836734693878,visual,sm
9,MSC02,Different Subject,0.6107653061224491,visual,sm
10,MSC03,Different Subject,0.5746428571428571,visual,sm
11,MSC04,Different Subject,0.5689285714285715,visual,sm
12,MSC05,Different Subject,0.5225000000000001,visual,sm
13,MSC06,Different Subject,0.5598979591836735,visual,sm
14,MSC07,Different Subject,0.6164285714285714,visual,sm
15,MSC10,Different Subject,0.5686224489795918,visual,sm
0,MSC01,Same Subject,0.8785714285714287,visual,sm-lat
1,MSC02,Same Subject,0.8642857142857142,visual,sm-lat
2,MSC03,Same Subject,0.7910714285714286,visual,sm-lat
3,MSC04,Same Subject,0.8107142857142858,visual,sm-lat
4,MSC05,Same Subject,0.8482142857142857,visual,sm-lat
5,MSC06,Same Subject,0.7160714285714285,visual,sm-lat
6,MSC07,Same Subject,0.7839285714285715,visual,sm-lat
7,MSC10,Same Subject,0.8357142857142856,visual,sm-lat
8,MSC01,Different Subject,0.6160714285714286,visual,sm-lat
9,MSC02,Different Subject,0.6254081632653062,visual,sm-lat
10,MSC03,Different Subject,0.5773979591836734,visual,sm-lat
11,MSC04,Different Subject,0.5803571428571429,visual,sm-lat
12,MSC05,Different Subject,0.5677551020408164,visual,sm-lat
13,MSC06,Different Subject,0.5770918367346939,visual,sm-lat
14,MSC07,Different Subject,0.5837755102040817,visual,sm-lat
15,MSC10,Different Subject,0.6208163265306123,visual,sm-lat
0,MSC01,Same Subject,0.8089285714285713,visual,auditory
1,MSC02,Same Subject,0.8821428571428572,visual,auditory
2,MSC03,Same Subject,0.9142857142857144,visual,auditory
3,MSC04,Same Subject,0.8107142857142857,visual,auditory
4,MSC05,Same Subject,0.8857142857142858,visual,auditory
5,MSC06,Same Subject,0.8232142857142858,visual,auditory
6,MSC07,Same Subject,0.8589285714285714,visual,auditory
7,MSC10,Same Subject,0.7232142857142857,visual,auditory
8,MSC01,Different Subject,0.604438775510204,visual,auditory
9,MSC02,Different Subject,0.628469387755102,visual,auditory
10,MSC03,Different Subject,0.5863265306122448,visual,auditory
11,MSC04,Different Subject,0.6045918367346939,visual,auditory
12,MSC05,Different Subject,0.5627551020408162,visual,auditory
13,MSC06,Different Subject,0.6063265306122448,visual,auditory
14,MSC07,Different Subject,0.6689795918367347,visual,auditory
15,MSC10,Different Subject,0.5985714285714286,visual,auditory
0,MSC01,Same Subject,0.9000000000000001,visual,pmn
1,MSC02,Same Subject,0.7571428571428572,visual,pmn
2,MSC03,Same Subject,0.8482142857142857,visual,pmn
3,MSC04,Same Subject,0.8339285714285714,visual,pmn
4,MSC05,Same Subject,0.8785714285714287,visual,pmn
5,MSC06,Same Subject,0.7982142857142858,visual,pmn
6,MSC07,Same Subject,0.8232142857142858,visual,pmn
7,MSC10,Same Subject,0.7696428571428572,visual,pmn
8,MSC01,Different Subject,0.5403061224489796,visual,pmn
9,MSC02,Different Subject,0.5381632653061225,visual,pmn
10,MSC03,Different Subject,0.4918367346938775,visual,pmn
11,MSC04,Different Subject,0.5424999999999999,visual,pmn
12,MSC05,Different Subject,0.5723979591836734,visual,pmn
13,MSC06,Different Subject,0.5747448979591836,visual,pmn
14,MSC07,Different Subject,0.6134183673469388,visual,pmn
15,MSC10,Different Subject,0.5842346938775511,visual,pmn
0,MSC01,Same Subject,0.8214285714285713,visual,pon
1,MSC02,Same Subject,0.7607142857142858,visual,pon
2,MSC03,Same Subject,0.8339285714285714,visual,pon
3,MSC04,Same Subject,0.7928571428571428,visual,pon
4,MSC05,Same Subject,0.7785714285714286,visual,pon
5,MSC06,Same Subject,0.9196428571428571,visual,pon
6,MSC07,Same Subject,0.7125,visual,pon
7,MSC10,Same Subject,0.7517857142857143,visual,pon
8,MSC01,Different Subject,0.5694897959183675,visual,pon
9,MSC02,Different Subject,0.5583673469387754,visual,pon
10,MSC03,Different Subject,0.5410714285714285,visual,pon
11,MSC04,Different Subject,0.5553061224489796,visual,pon
12,MSC05,Different Subject,0.5662755102040815,visual,pon
13,MSC06,Different Subject,0.5949489795918367,visual,pon
14,MSC07,Different Subject,0.5945408163265306,visual,pon
15,MSC10,Different Subject,0.605561224489796,visual,pon
0,MSC01,Same Subject,0.994642857142857,fp,dan
1,MSC02,Same Subject,0.9571428571428572,fp,dan
2,MSC03,Same Subject,0.9053571428571427,fp,dan
3,MSC04,Same Subject,0.892857142857143,fp,dan
4,MSC05,Same Subject,0.9857142857142857,fp,dan
5,MSC06,Same Subject,0.9321428571428572,fp,dan
6,MSC07,Same Subject,0.9035714285714286,fp,dan
7,MSC10,Same Subject,0.8714285714285716,fp,dan
8,MSC01,Different Subject,0.5,fp,dan
9,MSC02,Different Subject,0.5976020408163265,fp,dan
10,MSC03,Different Subject,0.587704081632653,fp,dan
11,MSC04,Different Subject,0.5893877551020409,fp,dan
12,MSC05,Different Subject,0.5303061224489796,fp,dan
13,MSC06,Different Subject,0.6052551020408162,fp,dan
14,MSC07,Different Subject,0.5541836734693878,fp,dan
15,MSC10,Different Subject,0.5677040816326531,fp,dan
0,MSC01,Same Subject,0.9053571428571429,fp,van
1,MSC02,Same Subject,0.8517857142857143,fp,van
2,MSC03,Same Subject,0.8714285714285713,fp,van
3,MSC04,Same Subject,0.9071428571428571,fp,van
4,MSC05,Same Subject,0.9303571428571428,fp,van
5,MSC06,Same Subject,0.9375,fp,van
6,MSC07,Same Subject,0.8892857142857142,fp,van
7,MSC10,Same Subject,0.9,fp,van
8,MSC01,Different Subject,0.617295918367347,fp,van
9,MSC02,Different Subject,0.5789795918367346,fp,van
10,MSC03,Different Subject,0.6421428571428571,fp,van
11,MSC04,Different Subject,0.563826530612245,fp,van
12,MSC05,Different Subject,0.6172959183673469,fp,van
13,MSC06,Different Subject,0.6910204081632653,fp,van
14,MSC07,Different Subject,0.6932653061224489,fp,van
15,MSC10,Different Subject,0.6146938775510203,fp,van
0,MSC01,Same Subject,0.9464285714285714,fp,salience
1,MSC02,Same Subject,0.825,fp,salience
2,MSC03,Same Subject,0.7517857142857143,fp,salience
3,MSC04,Same Subject,0.817857142857143,fp,salience
4,MSC05,Same Subject,0.8982142857142857,fp,salience
5,MSC06,Same Subject,0.8607142857142857,fp,salience
6,MSC07,Same Subject,0.8857142857142855,fp,salience
7,MSC10,Same Subject,0.7178571428571427,fp,salience
8,MSC01,Different Subject,0.6349999999999999,fp,salience
9,MSC02,Different Subject,0.6735714285714286,fp,salience
10,MSC03,Different Subject,0.6618367346938775,fp,salience
11,MSC04,Different Subject,0.6598979591836734,fp,salience
12,MSC05,Different Subject,0.5676530612244898,fp,salience
13,MSC06,Different Subject,0.6992857142857144,fp,salience
14,MSC07,Different Subject,0.6001020408163263,fp,salience
15,MSC10,Different Subject,0.6224999999999999,fp,salience
0,MSC01,Same Subject,0.9696428571428571,fp,co
1,MSC02,Same Subject,0.9517857142857142,fp,co
2,MSC03,Same Subject,0.8035714285714286,fp,co
3,MSC04,Same Subject,0.9374999999999999,fp,co
4,MSC05,Same Subject,0.9571428571428571,fp,co
5,MSC06,Same Subject,0.942857142857143,fp,co
6,MSC07,Same Subject,0.9,fp,co
7,MSC10,Same Subject,0.8464285714285714,fp,co
8,MSC01,Different Subject,0.5785204081632652,fp,co
9,MSC02,Different Subject,0.6645408163265307,fp,co
10,MSC03,Different Subject,0.6036224489795919,fp,co
11,MSC04,Different Subject,0.6070408163265306,fp,co
12,MSC05,Different Subject,0.621530612244898,fp,co
13,MSC06,Different Subject,0.6738265306122448,fp,co
14,MSC07,Different Subject,0.6087755102040816,fp,co
15,MSC10,Different Subject,0.636734693877551,fp,co
0,MSC01,Same Subject,0.9696428571428571,fp,sm
1,MSC02,Same Subject,0.8839285714285714,fp,sm
2,MSC03,Same Subject,0.869642857142857,fp,sm
3,MSC04,Same Subject,0.9000000000000001,fp,sm
4,MSC05,Same Subject,0.9589285714285715,fp,sm
5,MSC06,Same Subject,0.8571428571428571,fp,sm
6,MSC07,Same Subject,0.9196428571428571,fp,sm
7,MSC10,Same Subject,0.8267857142857143,fp,sm
8,MSC01,Different Subject,0.5485204081632654,fp,sm
9,MSC02,Different Subject,0.585,fp,sm
10,MSC03,Different Subject,0.5479081632653061,fp,sm
11,MSC04,Different Subject,0.578265306122449,fp,sm
12,MSC05,Different Subject,0.5391326530612244,fp,sm
13,MSC06,Different Subject,0.5669387755102041,fp,sm
14,MSC07,Different Subject,0.552704081632653,fp,sm
15,MSC10,Different Subject,0.6072448979591837,fp,sm
0,MSC01,Same Subject,0.8946428571428572,fp,sm-lat
1,MSC02,Same Subject,0.6839285714285713,fp,sm-lat
2,MSC03,Same Subject,0.6428571428571429,fp,sm-lat
3,MSC04,Same Subject,0.7785714285714286,fp,sm-lat
4,MSC05,Same Subject,0.7964285714285715,fp,sm-lat
5,MSC06,Same Subject,0.7178571428571429,fp,sm-lat
6,MSC07,Same Subject,0.8214285714285714,fp,sm-lat
7,MSC10,Same Subject,0.7892857142857143,fp,sm-lat
8,MSC01,Different Subject,0.5703061224489796,fp,sm-lat
9,MSC02,Different Subject,0.5445918367346939,fp,sm-lat
10,MSC03,Different Subject,0.5175510204081633,fp,sm-lat
11,MSC04,Different Subject,0.5966836734693878,fp,sm-lat
12,MSC05,Different Subject,0.5297448979591837,fp,sm-lat
13,MSC06,Different Subject,0.5215816326530612,fp,sm-lat
14,MSC07,Different Subject,0.5958673469387755,fp,sm-lat
15,MSC10,Different Subject,0.5739795918367346,fp,sm-lat
0,MSC01,Same Subject,0.8678571428571429,fp,auditory
1,MSC02,Same Subject,0.7839285714285714,fp,auditory
2,MSC03,Same Subject,0.8357142857142857,fp,auditory
3,MSC04,Same Subject,0.8660714285714285,fp,auditory
4,MSC05,Same Subject,0.8839285714285714,fp,auditory
5,MSC06,Same Subject,0.9410714285714287,fp,auditory
6,MSC07,Same Subject,0.875,fp,auditory
7,MSC10,Same Subject,0.8160714285714287,fp,auditory
8,MSC01,Different Subject,0.5437244897959184,fp,auditory
9,MSC02,Different Subject,0.5027551020408163,fp,auditory
10,MSC03,Different Subject,0.5332142857142858,fp,auditory
11,MSC04,Different Subject,0.5724999999999999,fp,auditory
12,MSC05,Different Subject,0.5127551020408163,fp,auditory
13,MSC06,Different Subject,0.5480102040816327,fp,auditory
14,MSC07,Different Subject,0.5233163265306123,fp,auditory
15,MSC10,Different Subject,0.5622448979591835,fp,auditory
0,MSC01,Same Subject,0.8928571428571429,fp,pmn
1,MSC02,Same Subject,0.8250000000000001,fp,pmn
2,MSC03,Same Subject,0.7410714285714286,fp,pmn
3,MSC04,Same Subject,0.8982142857142857,fp,pmn
4,MSC05,Same Subject,0.8624999999999999,fp,pmn
5,MSC06,Same Subject,0.9196428571428571,fp,pmn
6,MSC07,Same Subject,0.7999999999999999,fp,pmn
7,MSC10,Same Subject,0.8214285714285715,fp,pmn
8,MSC01,Different Subject,0.6183163265306123,fp,pmn
9,MSC02,Different Subject,0.5780102040816326,fp,pmn
10,MSC03,Different Subject,0.48591836734693866,fp,pmn
11,MSC04,Different Subject,0.5977551020408163,fp,pmn
12,MSC05,Different Subject,0.5963265306122448,fp,pmn
13,MSC06,Different Subject,0.6856632653061225,fp,pmn
14,MSC07,Different Subject,0.6209183673469388,fp,pmn
15,MSC10,Different Subject,0.6070918367346938,fp,pmn
0,MSC01,Same Subject,0.8482142857142857,fp,pon
1,MSC02,Same Subject,0.5303571428571429,fp,pon
2,MSC03,Same Subject,0.7089285714285715,fp,pon
3,MSC04,Same Subject,0.8321428571428572,fp,pon
4,MSC05,Same Subject,0.8517857142857144,fp,pon
5,MSC06,Same Subject,0.8571428571428571,fp,pon
6,MSC07,Same Subject,0.6285714285714284,fp,pon
7,MSC10,Same Subject,0.6535714285714286,fp,pon
8,MSC01,Different Subject,0.5798469387755103,fp,pon
9,MSC02,Different Subject,0.4958163265306123,fp,pon
10,MSC03,Different Subject,0.511530612244898,fp,pon
11,MSC04,Different Subject,0.5278571428571428,fp,pon
12,MSC05,Different Subject,0.5100510204081633,fp,pon
13,MSC06,Different Subject,0.5187755102040816,fp,pon
14,MSC07,Different Subject,0.5558163265306122,fp,pon
15,MSC10,Different Subject,0.5017857142857143,fp,pon
0,MSC01,Same Subject,0.9178571428571428,dan,van
1,MSC02,Same Subject,0.9178571428571429,dan,van
2,MSC03,Same Subject,0.9053571428571429,dan,van
3,MSC04,Same Subject,0.9428571428571428,dan,van
4,MSC05,Same Subject,0.9625,dan,van
5,MSC06,Same Subject,0.942857142857143,dan,van
6,MSC07,Same Subject,0.9267857142857144,dan,van
7,MSC10,Same Subject,0.9446428571428572,dan,van
8,MSC01,Different Subject,0.623265306122449,dan,van
9,MSC02,Different Subject,0.6134183673469388,dan,van
10,MSC03,Different Subject,0.6532142857142855,dan,van
11,MSC04,Different Subject,0.6411224489795918,dan,van
12,MSC05,Different Subject,0.6562755102040817,dan,van
13,MSC06,Different Subject,0.691938775510204,dan,van
14,MSC07,Different Subject,0.6477551020408162,dan,van
15,MSC10,Different Subject,0.660765306122449,dan,van
0,MSC01,Same Subject,0.880357142857143,dan,salience
1,MSC02,Same Subject,0.925,dan,salience
2,MSC03,Same Subject,0.7678571428571429,dan,salience
3,MSC04,Same Subject,0.8303571428571429,dan,salience
4,MSC05,Same Subject,0.8839285714285714,dan,salience
5,MSC06,Same Subject,0.8303571428571427,dan,salience
6,MSC07,Same Subject,0.8357142857142856,dan,salience
7,MSC10,Same Subject,0.7714285714285715,dan,salience
8,MSC01,Different Subject,0.5245408163265306,dan,salience
9,MSC02,Different Subject,0.5754591836734694,dan,salience
10,MSC03,Different Subject,0.6161224489795918,dan,salience
11,MSC04,Different Subject,0.610765306122449,dan,salience
12,MSC05,Different Subject,0.5798469387755102,dan,salience
13,MSC06,Different Subject,0.6829081632653062,dan,salience
14,MSC07,Different Subject,0.590612244897959,dan,salience
15,MSC10,Different Subject,0.6201530612244899,dan,salience
0,MSC01,Same Subject,0.9767857142857143,dan,co
1,MSC02,Same Subject,0.9482142857142858,dan,co
2,MSC03,Same Subject,0.9303571428571429,dan,co
3,MSC04,Same Subject,0.9089285714285715,dan,co
4,MSC05,Same Subject,0.9857142857142857,dan,co
5,MSC06,Same Subject,0.9267857142857142,dan,co
6,MSC07,Same Subject,0.9392857142857143,dan,co
7,MSC10,Same Subject,0.7874999999999999,dan,co
8,MSC01,Different Subject,0.5007142857142857,dan,co
9,MSC02,Different Subject,0.6391326530612245,dan,co
10,MSC03,Different Subject,0.6553571428571429,dan,co
11,MSC04,Different Subject,0.6166326530612245,dan,co
12,MSC05,Different Subject,0.6437244897959183,dan,co
13,MSC06,Different Subject,0.635,dan,co
14,MSC07,Different Subject,0.61,dan,co
15,MSC10,Different Subject,0.5903061224489795,dan,co
0,MSC01,Same Subject,0.9160714285714285,dan,sm
1,MSC02,Same Subject,0.9178571428571428,dan,sm
2,MSC03,Same Subject,0.9107142857142857,dan,sm
3,MSC04,Same Subject,0.8982142857142857,dan,sm
4,MSC05,Same Subject,0.9660714285714286,dan,sm
5,MSC06,Same Subject,0.8821428571428572,dan,sm
6,MSC07,Same Subject,0.9124999999999999,dan,sm
7,MSC10,Same Subject,0.8553571428571429,dan,sm
8,MSC01,Different Subject,0.5089285714285714,dan,sm
9,MSC02,Different Subject,0.5576020408163265,dan,sm
10,MSC03,Different Subject,0.5464795918367347,dan,sm
11,MSC04,Different Subject,0.5444897959183673,dan,sm
12,MSC05,Different Subject,0.517704081632653,dan,sm
13,MSC06,Different Subject,0.6041326530612244,dan,sm
14,MSC07,Different Subject,0.6051020408163265,dan,sm
15,MSC10,Different Subject,0.5669897959183674,dan,sm
0,MSC01,Same Subject,0.9178571428571428,dan,sm-lat
1,MSC02,Same Subject,0.75,dan,sm-lat
2,MSC03,Same Subject,0.6642857142857143,dan,sm-lat
3,MSC04,Same Subject,0.7142857142857143,dan,sm-lat
4,MSC05,Same Subject,0.8517857142857144,dan,sm-lat
5,MSC06,Same Subject,0.7410714285714286,dan,sm-lat
6,MSC07,Same Subject,0.8142857142857144,dan,sm-lat
7,MSC10,Same Subject,0.7571428571428572,dan,sm-lat
8,MSC01,Different Subject,0.5101020408163265,dan,sm-lat
9,MSC02,Different Subject,0.5492857142857143,dan,sm-lat
10,MSC03,Different Subject,0.5025510204081632,dan,sm-lat
11,MSC04,Different Subject,0.5389795918367347,dan,sm-lat
12,MSC05,Different Subject,0.5866836734693877,dan,sm-lat
13,MSC06,Different Subject,0.5493367346938776,dan,sm-lat
14,MSC07,Different Subject,0.5783163265306123,dan,sm-lat
15,MSC10,Different Subject,0.5689795918367346,dan,sm-lat
0,MSC01,Same Subject,0.875,dan,auditory
1,MSC02,Same Subject,0.9160714285714286,dan,auditory
2,MSC03,Same Subject,0.8607142857142858,dan,auditory
3,MSC04,Same Subject,0.9071428571428571,dan,auditory
4,MSC05,Same Subject,0.8803571428571428,dan,auditory
5,MSC06,Same Subject,0.9089285714285714,dan,auditory
6,MSC07,Same Subject,0.8375000000000001,dan,auditory
7,MSC10,Same Subject,0.8303571428571429,dan,auditory
8,MSC01,Different Subject,0.552704081632653,dan,auditory
9,MSC02,Different Subject,0.6143367346938776,dan,auditory
10,MSC03,Different Subject,0.5561224489795918,dan,auditory
11,MSC04,Different Subject,0.6239285714285714,dan,auditory
12,MSC05,Different Subject,0.5778571428571428,dan,auditory
13,MSC06,Different Subject,0.5553571428571429,dan,auditory
14,MSC07,Different Subject,0.5060204081632652,dan,auditory
15,MSC10,Different Subject,0.5337755102040816,dan,auditory
0,MSC01,Same Subject,0.9321428571428572,dan,pmn
1,MSC02,Same Subject,0.9053571428571431,dan,pmn
2,MSC03,Same Subject,0.6785714285714285,dan,pmn
3,MSC04,Same Subject,0.9053571428571429,dan,pmn
4,MSC05,Same Subject,0.8392857142857142,dan,pmn
5,MSC06,Same Subject,0.8285714285714285,dan,pmn
6,MSC07,Same Subject,0.8142857142857143,dan,pmn
7,MSC10,Same Subject,0.8571428571428571,dan,pmn
8,MSC01,Different Subject,0.5970408163265306,dan,pmn
9,MSC02,Different Subject,0.5880102040816327,dan,pmn
10,MSC03,Different Subject,0.5397448979591837,dan,pmn
11,MSC04,Different Subject,0.5412755102040817,dan,pmn
12,MSC05,Different Subject,0.6064795918367346,dan,pmn
13,MSC06,Different Subject,0.5900510204081633,dan,pmn
14,MSC07,Different Subject,0.6149489795918368,dan,pmn
15,MSC10,Different Subject,0.5771428571428572,dan,pmn
0,MSC01,Same Subject,0.7535714285714287,dan,pon
1,MSC02,Same Subject,0.7464285714285716,dan,pon
2,MSC03,Same Subject,0.8017857142857142,dan,pon
3,MSC04,Same Subject,0.9446428571428572,dan,pon
4,MSC05,Same Subject,0.8357142857142857,dan,pon
5,MSC06,Same Subject,0.8624999999999999,dan,pon
6,MSC07,Same Subject,0.7107142857142856,dan,pon
7,MSC10,Same Subject,0.8035714285714287,dan,pon
8,MSC01,Different Subject,0.5614795918367347,dan,pon
9,MSC02,Different Subject,0.5633673469387755,dan,pon
10,MSC03,Different Subject,0.5418367346938775,dan,pon
11,MSC04,Different Subject,0.5193367346938775,dan,pon
12,MSC05,Different Subject,0.5248469387755101,dan,pon
13,MSC06,Different Subject,0.6047959183673469,dan,pon
14,MSC07,Different Subject,0.5543367346938776,dan,pon
15,MSC10,Different Subject,0.5646938775510203,dan,pon
0,MSC01,Same Subject,0.8464285714285715,van,salience
1,MSC02,Same Subject,0.7589285714285714,van,salience
2,MSC03,Same Subject,0.85,van,salience
3,MSC04,Same Subject,0.8410714285714286,van,salience
4,MSC05,Same Subject,0.875,van,salience
5,MSC06,Same Subject,0.8767857142857143,van,salience
6,MSC07,Same Subject,0.7803571428571427,van,salience
7,MSC10,Same Subject,0.6142857142857142,van,salience
8,MSC01,Different Subject,0.5598469387755103,van,salience
9,MSC02,Different Subject,0.6387244897959183,van,salience
10,MSC03,Different Subject,0.6210204081632653,van,salience
11,MSC04,Different Subject,0.6218367346938776,van,salience
12,MSC05,Different Subject,0.6035714285714286,van,salience
13,MSC06,Different Subject,0.6128571428571429,van,salience
14,MSC07,Different Subject,0.5875,van,salience
15,MSC10,Different Subject,0.5119387755102041,van,salience
0,MSC01,Same Subject,0.9107142857142856,van,co
1,MSC02,Same Subject,0.9214285714285715,van,co
2,MSC03,Same Subject,0.8714285714285716,van,co
3,MSC04,Same Subject,0.8839285714285714,van,co
4,MSC05,Same Subject,0.9642857142857143,van,co
5,MSC06,Same Subject,0.9285714285714286,van,co
6,MSC07,Same Subject,0.9,van,co
7,MSC10,Same Subject,0.9089285714285714,van,co
8,MSC01,Different Subject,0.6319387755102042,van,co
9,MSC02,Different Subject,0.6224489795918366,van,co
10,MSC03,Different Subject,0.6111224489795919,van,co
11,MSC04,Different Subject,0.6444897959183674,van,co
12,MSC05,Different Subject,0.595969387755102,van,co
13,MSC06,Different Subject,0.554234693877551,van,co
14,MSC07,Different Subject,0.5831632653061225,van,co
15,MSC10,Different Subject,0.6164795918367348,van,co
0,MSC01,Same Subject,0.8767857142857143,van,sm
1,MSC02,Same Subject,0.7660714285714286,van,sm
2,MSC03,Same Subject,0.8589285714285716,van,sm
3,MSC04,Same Subject,0.830357142857143,van,sm
4,MSC05,Same Subject,0.9553571428571429,van,sm
5,MSC06,Same Subject,0.8017857142857142,van,sm
6,MSC07,Same Subject,0.7607142857142858,van,sm
7,MSC10,Same Subject,0.8107142857142857,van,sm
8,MSC01,Different Subject,0.524438775510204,van,sm
9,MSC02,Different Subject,0.5238775510204081,van,sm
10,MSC03,Different Subject,0.5715816326530613,van,sm
11,MSC04,Different Subject,0.5801020408163265,van,sm
12,MSC05,Different Subject,0.5426020408163266,van,sm
13,MSC06,Different Subject,0.6026020408163265,van,sm
14,MSC07,Different Subject,0.5643367346938775,van,sm
15,MSC10,Different Subject,0.5258163265306123,van,sm
0,MSC01,Same Subject,0.9178571428571428,van,sm-lat
1,MSC02,Same Subject,0.8214285714285714,van,sm-lat
2,MSC03,Same Subject,0.7750000000000001,van,sm-lat
3,MSC04,Same Subject,0.675,van,sm-lat
4,MSC05,Same Subject,0.6892857142857143,van,sm-lat
5,MSC06,Same Subject,0.6696428571428571,van,sm-lat
6,MSC07,Same Subject,0.6571428571428571,van,sm-lat
7,MSC10,Same Subject,0.7625,van,sm-lat
8,MSC01,Different Subject,0.5481122448979592,van,sm-lat
9,MSC02,Different Subject,0.5894897959183674,van,sm-lat
10,MSC03,Different Subject,0.5713265306122449,van,sm-lat
11,MSC04,Different Subject,0.5811224489795919,van,sm-lat
12,MSC05,Different Subject,0.5809183673469388,van,sm-lat
13,MSC06,Different Subject,0.5625,van,sm-lat
14,MSC07,Different Subject,0.5464795918367347,van,sm-lat
15,MSC10,Different Subject,0.5668367346938776,van,sm-lat
0,MSC01,Same Subject,0.9410714285714287,van,auditory
1,MSC02,Same Subject,0.8499999999999999,van,auditory
2,MSC03,Same Subject,0.8571428571428573,van,auditory
3,MSC04,Same Subject,0.867857142857143,van,auditory
4,MSC05,Same Subject,0.8250000000000002,van,auditory
5,MSC06,Same Subject,0.8392857142857143,van,auditory
6,MSC07,Same Subject,0.8642857142857144,van,auditory
7,MSC10,Same Subject,0.8285714285714285,van,auditory
8,MSC01,Different Subject,0.5890816326530613,van,auditory
9,MSC02,Different Subject,0.541734693877551,van,auditory
10,MSC03,Different Subject,0.5121428571428572,van,auditory
11,MSC04,Different Subject,0.5643367346938775,van,auditory
12,MSC05,Different Subject,0.5545918367346938,van,auditory
13,MSC06,Different Subject,0.6009183673469388,van,auditory
14,MSC07,Different Subject,0.561173469387755,van,auditory
15,MSC10,Different Subject,0.5548979591836735,van,auditory
0,MSC01,Same Subject,0.8392857142857144,van,pmn
1,MSC02,Same Subject,0.8107142857142858,van,pmn
2,MSC03,Same Subject,0.8196428571428571,van,pmn
3,MSC04,Same Subject,0.8660714285714286,van,pmn
4,MSC05,Same Subject,0.8767857142857143,van,pmn
5,MSC06,Same Subject,0.7964285714285715,van,pmn
6,MSC07,Same Subject,0.775,van,pmn
7,MSC10,Same Subject,0.6875000000000001,van,pmn
8,MSC01,Different Subject,0.5490816326530611,van,pmn
9,MSC02,Different Subject,0.5817857142857144,van,pmn
10,MSC03,Different Subject,0.546530612244898,van,pmn
11,MSC04,Different Subject,0.5554591836734694,van,pmn
12,MSC05,Different Subject,0.5699489795918368,van,pmn
13,MSC06,Different Subject,0.5401020408163266,van,pmn
14,MSC07,Different Subject,0.5745408163265305,van,pmn
15,MSC10,Different Subject,0.5418367346938775,van,pmn
0,MSC01,Same Subject,0.7482142857142857,van,pon
1,MSC02,Same Subject,0.5839285714285714,van,pon
2,MSC03,Same Subject,0.7732142857142856,van,pon
3,MSC04,Same Subject,0.8750000000000001,van,pon
4,MSC05,Same Subject,0.8660714285714286,van,pon
5,MSC06,Same Subject,0.7196428571428571,van,pon
6,MSC07,Same Subject,0.6589285714285714,van,pon
7,MSC10,Same Subject,0.7160714285714286,van,pon
8,MSC01,Different Subject,0.5660204081632653,van,pon
9,MSC02,Different Subject,0.5149489795918367,van,pon
10,MSC03,Different Subject,0.48576530612244895,van,pon
11,MSC04,Different Subject,0.5448979591836733,van,pon
12,MSC05,Different Subject,0.5302040816326531,van,pon
13,MSC06,Different Subject,0.5516326530612246,van,pon
14,MSC07,Different Subject,0.5832142857142858,van,pon
15,MSC10,Different Subject,0.5060714285714286,van,pon
0,MSC01,Same Subject,0.8839285714285714,salience,co
1,MSC02,Same Subject,0.8107142857142857,salience,co
2,MSC03,Same Subject,0.9142857142857144,salience,co
3,MSC04,Same Subject,0.8839285714285714,salience,co
4,MSC05,Same Subject,0.9107142857142857,salience,co
5,MSC06,Same Subject,0.8285714285714286,salience,co
6,MSC07,Same Subject,0.8321428571428572,salience,co
7,MSC10,Same Subject,0.6785714285714286,salience,co
8,MSC01,Different Subject,0.5231632653061224,salience,co
9,MSC02,Different Subject,0.6197448979591836,salience,co
10,MSC03,Different Subject,0.5779591836734693,salience,co
11,MSC04,Different Subject,0.6515306122448979,salience,co
12,MSC05,Different Subject,0.5509693877551021,salience,co
13,MSC06,Different Subject,0.6051530612244899,salience,co
14,MSC07,Different Subject,0.5453571428571429,salience,co
15,MSC10,Different Subject,0.63484693877551,salience,co
0,MSC01,Same Subject,0.8017857142857142,salience,sm
1,MSC02,Same Subject,0.8339285714285715,salience,sm
2,MSC03,Same Subject,0.7767857142857143,salience,sm
3,MSC04,Same Subject,0.8,salience,sm
4,MSC05,Same Subject,0.8964285714285716,salience,sm
5,MSC06,Same Subject,0.7964285714285714,salience,sm
6,MSC07,Same Subject,0.7803571428571427,salience,sm
7,MSC10,Same Subject,0.7589285714285714,salience,sm
8,MSC01,Different Subject,0.5523469387755103,salience,sm
9,MSC02,Different Subject,0.5783673469387755,salience,sm
10,MSC03,Different Subject,0.553265306122449,salience,sm
11,MSC04,Different Subject,0.587704081632653,salience,sm
12,MSC05,Different Subject,0.5918877551020408,salience,sm
13,MSC06,Different Subject,0.6143367346938776,salience,sm
14,MSC07,Different Subject,0.5910204081632653,salience,sm
15,MSC10,Different Subject,0.6084183673469389,salience,sm
0,MSC01,Same Subject,0.8589285714285715,salience,sm-lat
1,MSC02,Same Subject,0.475,salience,sm-lat
2,MSC03,Same Subject,0.7196428571428573,salience,sm-lat
3,MSC04,Same Subject,0.6875,salience,sm-lat
4,MSC05,Same Subject,0.75,salience,sm-lat
5,MSC06,Same Subject,0.6142857142857142,salience,sm-lat
6,MSC07,Same Subject,0.675,salience,sm-lat
7,MSC10,Same Subject,0.669642857142857,salience,sm-lat
8,MSC01,Different Subject,0.5413265306122448,salience,sm-lat
9,MSC02,Different Subject,0.6008673469387755,salience,sm-lat
10,MSC03,Different Subject,0.572091836734694,salience,sm-lat
11,MSC04,Different Subject,0.6076020408163265,salience,sm-lat
12,MSC05,Different Subject,0.5310714285714285,salience,sm-lat
13,MSC06,Different Subject,0.5814285714285715,salience,sm-lat
14,MSC07,Different Subject,0.5266836734693878,salience,sm-lat
15,MSC10,Different Subject,0.5590816326530612,salience,sm-lat
0,MSC01,Same Subject,0.7321428571428573,salience,auditory
1,MSC02,Same Subject,0.6785714285714286,salience,auditory
2,MSC03,Same Subject,0.7875,salience,auditory
3,MSC04,Same Subject,0.8035714285714286,salience,auditory
4,MSC05,Same Subject,0.8035714285714286,salience,auditory
5,MSC06,Same Subject,0.8035714285714287,salience,auditory
6,MSC07,Same Subject,0.7767857142857143,salience,auditory
7,MSC10,Same Subject,0.6232142857142857,salience,auditory
8,MSC01,Different Subject,0.5634183673469388,salience,auditory
9,MSC02,Different Subject,0.4983673469387755,salience,auditory
10,MSC03,Different Subject,0.522295918367347,salience,auditory
11,MSC04,Different Subject,0.5844897959183672,salience,auditory
12,MSC05,Different Subject,0.5471428571428572,salience,auditory
13,MSC06,Different Subject,0.5882142857142858,salience,auditory
14,MSC07,Different Subject,0.4713775510204082,salience,auditory
15,MSC10,Different Subject,0.5128061224489796,salience,auditory
0,MSC01,Same Subject,0.7428571428571429,salience,pmn
1,MSC02,Same Subject,0.6839285714285713,salience,pmn
2,MSC03,Same Subject,0.7607142857142858,salience,pmn
3,MSC04,Same Subject,0.7267857142857144,salience,pmn
4,MSC05,Same Subject,0.8160714285714284,salience,pmn
5,MSC06,Same Subject,0.6607142857142857,salience,pmn
6,MSC07,Same Subject,0.6410714285714285,salience,pmn
7,MSC10,Same Subject,0.6660714285714285,salience,pmn
8,MSC01,Different Subject,0.5254591836734693,salience,pmn
9,MSC02,Different Subject,0.5032653061224489,salience,pmn
10,MSC03,Different Subject,0.5197448979591837,salience,pmn
11,MSC04,Different Subject,0.5732142857142858,salience,pmn
12,MSC05,Different Subject,0.5047448979591838,salience,pmn
13,MSC06,Different Subject,0.4719387755102041,salience,pmn
14,MSC07,Different Subject,0.5459693877551021,salience,pmn
15,MSC10,Different Subject,0.5598979591836735,salience,pmn
0,MSC01,Same Subject,0.7607142857142858,salience,pon
1,MSC02,Same Subject,0.7071428571428572,salience,pon
2,MSC03,Same Subject,0.6464285714285715,salience,pon
3,MSC04,Same Subject,0.8375,salience,pon
4,MSC05,Same Subject,0.7339285714285714,salience,pon
5,MSC06,Same Subject,0.6696428571428571,salience,pon
6,MSC07,Same Subject,0.5750000000000001,salience,pon
7,MSC10,Same Subject,0.7053571428571429,salience,pon
8,MSC01,Different Subject,0.45224489795918366,salience,pon
9,MSC02,Different Subject,0.5317857142857143,salience,pon
10,MSC03,Different Subject,0.5230612244897958,salience,pon
11,MSC04,Different Subject,0.5382653061224489,salience,pon
12,MSC05,Different Subject,0.5028571428571428,salience,pon
13,MSC06,Different Subject,0.5491326530612245,salience,pon
14,MSC07,Different Subject,0.5169387755102041,salience,pon
15,MSC10,Different Subject,0.5095408163265306,salience,pon
0,MSC01,Same Subject,0.9589285714285715,co,sm
1,MSC02,Same Subject,0.8946428571428571,co,sm
2,MSC03,Same Subject,0.875,co,sm
3,MSC04,Same Subject,0.8857142857142856,co,sm
4,MSC05,Same Subject,0.9607142857142857,co,sm
5,MSC06,Same Subject,0.8392857142857142,co,sm
6,MSC07,Same Subject,0.8964285714285714,co,sm
7,MSC10,Same Subject,0.8839285714285714,co,sm
8,MSC01,Different Subject,0.5795918367346938,co,sm
9,MSC02,Different Subject,0.6321428571428572,co,sm
10,MSC03,Different Subject,0.5950510204081632,co,sm
11,MSC04,Different Subject,0.6456122448979592,co,sm
12,MSC05,Different Subject,0.5567857142857142,co,sm
13,MSC06,Different Subject,0.5538265306122448,co,sm
14,MSC07,Different Subject,0.5718877551020408,co,sm
15,MSC10,Different Subject,0.5673979591836734,co,sm
0,MSC01,Same Subject,0.9142857142857144,co,sm-lat
1,MSC02,Same Subject,0.7946428571428571,co,sm-lat
2,MSC03,Same Subject,0.8535714285714286,co,sm-lat
3,MSC04,Same Subject,0.8464285714285714,co,sm-lat
4,MSC05,Same Subject,0.7767857142857143,co,sm-lat
5,MSC06,Same Subject,0.7482142857142857,co,sm-lat
6,MSC07,Same Subject,0.8535714285714286,co,sm-lat
7,MSC10,Same Subject,0.8053571428571429,co,sm-lat
8,MSC01,Different Subject,0.5893367346938775,co,sm-lat
9,MSC02,Different Subject,0.6314795918367347,co,sm-lat
10,MSC03,Different Subject,0.5890306122448978,co,sm-lat
11,MSC04,Different Subject,0.593265306122449,co,sm-lat
12,MSC05,Different Subject,0.5523979591836735,co,sm-lat
13,MSC06,Different Subject,0.5479591836734693,co,sm-lat
14,MSC07,Different Subject,0.5505612244897958,co,sm-lat
15,MSC10,Different Subject,0.5887755102040817,co,sm-lat
0,MSC01,Same Subject,0.9214285714285715,co,auditory
1,MSC02,Same Subject,0.9214285714285715,co,auditory
2,MSC03,Same Subject,0.8732142857142858,co,auditory
3,MSC04,Same Subject,0.8107142857142857,co,auditory
4,MSC05,Same Subject,0.8499999999999999,co,auditory
5,MSC06,Same Subject,0.8339285714285715,co,auditory
6,MSC07,Same Subject,0.9517857142857142,co,auditory
7,MSC10,Same Subject,0.8678571428571429,co,auditory
8,MSC01,Different Subject,0.5954081632653061,co,auditory
9,MSC02,Different Subject,0.583265306122449,co,auditory
10,MSC03,Different Subject,0.5762755102040816,co,auditory
11,MSC04,Different Subject,0.5790306122448979,co,auditory
12,MSC05,Different Subject,0.5269387755102041,co,auditory
13,MSC06,Different Subject,0.6093367346938775,co,auditory
14,MSC07,Different Subject,0.5895408163265305,co,auditory
15,MSC10,Different Subject,0.5312755102040816,co,auditory
0,MSC01,Same Subject,0.8821428571428571,co,pmn
1,MSC02,Same Subject,0.7857142857142858,co,pmn
2,MSC03,Same Subject,0.7928571428571427,co,pmn
3,MSC04,Same Subject,0.8678571428571428,co,pmn
4,MSC05,Same Subject,0.9285714285714286,co,pmn
5,MSC06,Same Subject,0.7910714285714285,co,pmn
6,MSC07,Same Subject,0.7875,co,pmn
7,MSC10,Same Subject,0.7392857142857142,co,pmn
8,MSC01,Different Subject,0.5033163265306123,co,pmn
9,MSC02,Different Subject,0.567704081632653,co,pmn
10,MSC03,Different Subject,0.526734693877551,co,pmn
11,MSC04,Different Subject,0.5743877551020409,co,pmn
12,MSC05,Different Subject,0.5141836734693878,co,pmn
13,MSC06,Different Subject,0.5458673469387755,co,pmn
14,MSC07,Different Subject,0.5810714285714286,co,pmn
15,MSC10,Different Subject,0.5264795918367347,co,pmn
0,MSC01,Same Subject,0.7482142857142857,co,pon
1,MSC02,Same Subject,0.7696428571428571,co,pon
2,MSC03,Same Subject,0.7232142857142857,co,pon
3,MSC04,Same Subject,0.8660714285714287,co,pon
4,MSC05,Same Subject,0.8089285714285713,co,pon
5,MSC06,Same Subject,0.8214285714285714,co,pon
6,MSC07,Same Subject,0.6678571428571428,co,pon
7,MSC10,Same Subject,0.7964285714285715,co,pon
8,MSC01,Different Subject,0.4803571428571428,co,pon
9,MSC02,Different Subject,0.5369387755102041,co,pon
10,MSC03,Different Subject,0.5183673469387755,co,pon
11,MSC04,Different Subject,0.5369897959183673,co,pon
12,MSC05,Different Subject,0.5386224489795918,co,pon
13,MSC06,Different Subject,0.5361224489795919,co,pon
14,MSC07,Different Subject,0.5590306122448979,co,pon
15,MSC10,Different Subject,0.5577551020408162,co,pon
0,MSC01,Same Subject,0.8839285714285714,sm,sm-lat
1,MSC02,Same Subject,0.9035714285714286,sm,sm-lat
2,MSC03,Same Subject,0.6767857142857142,sm,sm-lat
3,MSC04,Same Subject,0.825,sm,sm-lat
4,MSC05,Same Subject,0.9446428571428571,sm,sm-lat
5,MSC06,Same Subject,0.8678571428571428,sm,sm-lat
6,MSC07,Same Subject,0.8767857142857143,sm,sm-lat
7,MSC10,Same Subject,0.8696428571428572,sm,sm-lat
8,MSC01,Different Subject,0.5337755102040816,sm,sm-lat
9,MSC02,Different Subject,0.6407142857142858,sm,sm-lat
10,MSC03,Different Subject,0.5921428571428571,sm,sm-lat
11,MSC04,Different Subject,0.6411224489795918,sm,sm-lat
12,MSC05,Different Subject,0.6524489795918368,sm,sm-lat
13,MSC06,Different Subject,0.6676530612244898,sm,sm-lat
14,MSC07,Different Subject,0.5649489795918368,sm,sm-lat
15,MSC10,Different Subject,0.6276530612244898,sm,sm-lat
0,MSC01,Same Subject,0.8982142857142857,sm,auditory
1,MSC02,Same Subject,0.8482142857142857,sm,auditory
2,MSC03,Same Subject,0.7964285714285716,sm,auditory
3,MSC04,Same Subject,0.7892857142857143,sm,auditory
4,MSC05,Same Subject,0.875,sm,auditory
5,MSC06,Same Subject,0.8714285714285716,sm,auditory
6,MSC07,Same Subject,0.8571428571428571,sm,auditory
7,MSC10,Same Subject,0.8785714285714287,sm,auditory
8,MSC01,Different Subject,0.5322959183673469,sm,auditory
9,MSC02,Different Subject,0.6141326530612244,sm,auditory
10,MSC03,Different Subject,0.546734693877551,sm,auditory
11,MSC04,Different Subject,0.5741836734693877,sm,auditory
12,MSC05,Different Subject,0.5326530612244897,sm,auditory
13,MSC06,Different Subject,0.6249489795918367,sm,auditory
14,MSC07,Different Subject,0.4751020408163265,sm,auditory
15,MSC10,Different Subject,0.5063265306122448,sm,auditory
0,MSC01,Same Subject,0.8517857142857143,sm,pmn
1,MSC02,Same Subject,0.7035714285714285,sm,pmn
2,MSC03,Same Subject,0.7303571428571428,sm,pmn
3,MSC04,Same Subject,0.8446428571428571,sm,pmn
4,MSC05,Same Subject,0.8410714285714286,sm,pmn
5,MSC06,Same Subject,0.7142857142857143,sm,pmn
6,MSC07,Same Subject,0.6392857142857143,sm,pmn
7,MSC10,Same Subject,0.7196428571428573,sm,pmn
8,MSC01,Different Subject,0.5558163265306122,sm,pmn
9,MSC02,Different Subject,0.5856632653061223,sm,pmn
10,MSC03,Different Subject,0.466734693877551,sm,pmn
11,MSC04,Different Subject,0.553265306122449,sm,pmn
12,MSC05,Different Subject,0.5476020408163264,sm,pmn
13,MSC06,Different Subject,0.549795918367347,sm,pmn
14,MSC07,Different Subject,0.5544897959183672,sm,pmn
15,MSC10,Different Subject,0.5769387755102041,sm,pmn
0,MSC01,Same Subject,0.7303571428571428,sm,pon
1,MSC02,Same Subject,0.5785714285714285,sm,pon
2,MSC03,Same Subject,0.7785714285714286,sm,pon
3,MSC04,Same Subject,0.775,sm,pon
4,MSC05,Same Subject,0.8160714285714284,sm,pon
5,MSC06,Same Subject,0.7428571428571429,sm,pon
6,MSC07,Same Subject,0.5482142857142857,sm,pon
7,MSC10,Same Subject,0.7625000000000001,sm,pon
8,MSC01,Different Subject,0.4936224489795919,sm,pon
9,MSC02,Different Subject,0.529387755102041,sm,pon
10,MSC03,Different Subject,0.45999999999999996,sm,pon
11,MSC04,Different Subject,0.5129591836734694,sm,pon
12,MSC05,Different Subject,0.5379081632653061,sm,pon
13,MSC06,Different Subject,0.5297448979591837,sm,pon
14,MSC07,Different Subject,0.5045408163265307,sm,pon
15,MSC10,Different Subject,0.5704591836734695,sm,pon
0,MSC01,Same Subject,0.9071428571428573,sm-lat,auditory
1,MSC02,Same Subject,0.7910714285714286,sm-lat,auditory
2,MSC03,Same Subject,0.7303571428571427,sm-lat,auditory
3,MSC04,Same Subject,0.7214285714285713,sm-lat,auditory
4,MSC05,Same Subject,0.8196428571428571,sm-lat,auditory
5,MSC06,Same Subject,0.6410714285714285,sm-lat,auditory
6,MSC07,Same Subject,0.8392857142857143,sm-lat,auditory
7,MSC10,Same Subject,0.7232142857142857,sm-lat,auditory
8,MSC01,Different Subject,0.4919897959183674,sm-lat,auditory
9,MSC02,Different Subject,0.540765306122449,sm-lat,auditory
10,MSC03,Different Subject,0.5660714285714287,sm-lat,auditory
11,MSC04,Different Subject,0.5658163265306122,sm-lat,auditory
12,MSC05,Different Subject,0.49607142857142855,sm-lat,auditory
13,MSC06,Different Subject,0.5410204081632652,sm-lat,auditory
14,MSC07,Different Subject,0.5383163265306122,sm-lat,auditory
15,MSC10,Different Subject,0.5403061224489797,sm-lat,auditory
0,MSC01,Same Subject,0.7160714285714286,sm-lat,pmn
1,MSC02,Same Subject,0.5857142857142856,sm-lat,pmn
2,MSC03,Same Subject,0.5803571428571429,sm-lat,pmn
3,MSC04,Same Subject,0.5892857142857143,sm-lat,pmn
4,MSC05,Same Subject,0.6035714285714285,sm-lat,pmn
5,MSC06,Same Subject,0.5607142857142857,sm-lat,pmn
6,MSC07,Same Subject,0.6517857142857143,sm-lat,pmn
7,MSC10,Same Subject,0.7482142857142856,sm-lat,pmn
8,MSC01,Different Subject,0.5259183673469388,sm-lat,pmn
9,MSC02,Different Subject,0.5112244897959185,sm-lat,pmn
10,MSC03,Different Subject,0.4645918367346939,sm-lat,pmn
11,MSC04,Different Subject,0.5731122448979592,sm-lat,pmn
12,MSC05,Different Subject,0.5353571428571429,sm-lat,pmn
13,MSC06,Different Subject,0.49775510204081624,sm-lat,pmn
14,MSC07,Different Subject,0.5355612244897959,sm-lat,pmn
15,MSC10,Different Subject,0.5546428571428572,sm-lat,pmn
0,MSC01,Same Subject,0.6964285714285714,sm-lat,pon
1,MSC02,Same Subject,0.5803571428571429,sm-lat,pon
2,MSC03,Same Subject,0.7267857142857144,sm-lat,pon
3,MSC04,Same Subject,0.6410714285714285,sm-lat,pon
4,MSC05,Same Subject,0.5696428571428571,sm-lat,pon
5,MSC06,Same Subject,0.4517857142857143,sm-lat,pon
6,MSC07,Same Subject,0.5678571428571428,sm-lat,pon
7,MSC10,Same Subject,0.7071428571428572,sm-lat,pon
8,MSC01,Different Subject,0.5216326530612244,sm-lat,pon
9,MSC02,Different Subject,0.5548979591836735,sm-lat,pon
10,MSC03,Different Subject,0.5141326530612245,sm-lat,pon
11,MSC04,Different Subject,0.551530612244898,sm-lat,pon
12,MSC05,Different Subject,0.5068367346938775,sm-lat,pon
13,MSC06,Different Subject,0.5064285714285715,sm-lat,pon
14,MSC07,Different Subject,0.5070918367346939,sm-lat,pon
15,MSC10,Different Subject,0.5567857142857143,sm-lat,pon
0,MSC01,Same Subject,0.8821428571428572,auditory,pmn
1,MSC02,Same Subject,0.7714285714285715,auditory,pmn
2,MSC03,Same Subject,0.8875,auditory,pmn
3,MSC04,Same Subject,0.7678571428571429,auditory,pmn
4,MSC05,Same Subject,0.7375,auditory,pmn
5,MSC06,Same Subject,0.825,auditory,pmn
6,MSC07,Same Subject,0.775,auditory,pmn
7,MSC10,Same Subject,0.7750000000000001,auditory,pmn
8,MSC01,Different Subject,0.5603571428571429,auditory,pmn
9,MSC02,Different Subject,0.5862244897959183,auditory,pmn
10,MSC03,Different Subject,0.4967857142857143,auditory,pmn
11,MSC04,Different Subject,0.5663265306122448,auditory,pmn
12,MSC05,Different Subject,0.5220408163265307,auditory,pmn
13,MSC06,Different Subject,0.5746938775510203,auditory,pmn
14,MSC07,Different Subject,0.5663775510204082,auditory,pmn
15,MSC10,Different Subject,0.5368877551020409,auditory,pmn
0,MSC01,Same Subject,0.755357142857143,auditory,pon
1,MSC02,Same Subject,0.7642857142857142,auditory,pon
2,MSC03,Same Subject,0.7339285714285715,auditory,pon
3,MSC04,Same Subject,0.7910714285714285,auditory,pon
4,MSC05,Same Subject,0.6678571428571428,auditory,pon
5,MSC06,Same Subject,0.7285714285714285,auditory,pon
6,MSC07,Same Subject,0.4589285714285714,auditory,pon
7,MSC10,Same Subject,0.7089285714285715,auditory,pon
8,MSC01,Different Subject,0.5469387755102041,auditory,pon
9,MSC02,Different Subject,0.5210714285714285,auditory,pon
10,MSC03,Different Subject,0.5132142857142857,auditory,pon
11,MSC04,Different Subject,0.5471938775510203,auditory,pon
12,MSC05,Different Subject,0.5479081632653061,auditory,pon
13,MSC06,Different Subject,0.5653571428571429,auditory,pon
14,MSC07,Different Subject,0.5409183673469388,auditory,pon
15,MSC10,Different Subject,0.5538775510204081,auditory,pon
0,MSC01,Same Subject,0.7875,pmn,pon
1,MSC02,Same Subject,0.6767857142857142,pmn,pon
2,MSC03,Same Subject,0.6232142857142857,pmn,pon
3,MSC04,Same Subject,0.8267857142857142,pmn,pon
4,MSC05,Same Subject,0.6821428571428572,pmn,pon
5,MSC06,Same Subject,0.6482142857142857,pmn,pon
6,MSC07,Same Subject,0.6446428571428572,pmn,pon
7,MSC10,Same Subject,0.6982142857142858,pmn,pon
8,MSC01,Different Subject,0.5042857142857142,pmn,pon
9,MSC02,Different Subject,0.5225510204081633,pmn,pon
10,MSC03,Different Subject,0.5258673469387755,pmn,pon
11,MSC04,Different Subject,0.5222448979591837,pmn,pon
12,MSC05,Different Subject,0.5621938775510203,pmn,pon
13,MSC06,Different Subject,0.5657142857142857,pmn,pon
14,MSC07,Different Subject,0.48938775510204074,pmn,pon
15,MSC10,Different Subject,0.5860714285714286,pmn,pon
