train_sub,train_task,acc,frames
MSC02,mem,1.0,311
MSC05,mem,1.0,311
MSC06,mem,0.9444444444444444,311
MSC07,mem,1.0,311
MSC02,mem,1.0,276
MSC05,mem,1.0,276
MSC06,mem,0.9444444444444444,276
MSC07,mem,1.0,276
MSC02,mem,0.9,133
MSC05,mem,1.0,133
MSC06,mem,1.0,133
MSC07,mem,0.95,133
MSC02,mem,0.9166666666666666,342
MSC05,mem,1.0,342
MSC06,mem,0.9285714285714286,342
MSC07,mem,1.0,342
MSC02,mem,0.9,103
MSC05,mem,1.0,103
MSC06,mem,1.0,103
MSC07,mem,0.95,103
MSC02,mem,0.95,144
MSC05,mem,1.0,144
MSC06,mem,1.0,144
MSC07,mem,0.95,144
MSC02,mem,1.0,316
MSC05,mem,1.0,316
MSC06,mem,0.9444444444444444,316
MSC07,mem,1.0,316
MSC02,mem,1.0,285
MSC05,mem,1.0,285
MSC06,mem,0.9444444444444444,285
MSC07,mem,1.0,285
MSC02,mem,0.8,68
MSC05,mem,1.0,68
MSC06,mem,0.8,68
MSC07,mem,0.9,68
MSC02,mem,0.95,112
MSC05,mem,1.0,112
MSC06,mem,1.0,112
MSC07,mem,0.95,112
MSC02,mem,0.95,110
MSC05,mem,1.0,110
MSC06,mem,1.0,110
MSC07,mem,0.95,110
MSC02,mem,0.9,84
MSC05,mem,1.0,84
MSC06,mem,0.9,84
MSC07,mem,0.95,84
MSC02,mem,1.0,269
MSC05,mem,1.0,269
MSC06,mem,0.9444444444444444,269
MSC07,mem,1.0,269
MSC02,mem,1.0,315
MSC05,mem,1.0,315
MSC06,mem,0.9444444444444444,315
MSC07,mem,1.0,315
MSC02,mem,1.0,323
MSC05,mem,1.0,323
MSC06,mem,0.9444444444444444,323
MSC07,mem,1.0,323
MSC02,mem,0.9,85
MSC05,mem,1.0,85
MSC06,mem,0.95,85
MSC07,mem,0.95,85
MSC02,mem,1.0,252
MSC05,mem,1.0,252
MSC06,mem,0.9444444444444444,252
MSC07,mem,1.0,252
MSC02,mem,0.9,79
MSC05,mem,1.0,79
MSC06,mem,0.9,79
MSC07,mem,0.95,79
MSC02,mem,0.8,58
MSC05,mem,0.85,58
MSC06,mem,0.8,58
MSC07,mem,0.75,58
MSC02,mem,0.95,144
MSC05,mem,1.0,144
MSC06,mem,1.0,144
MSC07,mem,0.95,144
MSC02,mem,0.9,76
MSC05,mem,1.0,76
MSC06,mem,0.85,76
MSC07,mem,0.95,76
MSC02,mem,0.9,81
MSC05,mem,1.0,81
MSC06,mem,0.9,81
MSC07,mem,0.95,81
MSC02,mem,0.95,162
MSC05,mem,1.0,162
MSC06,mem,1.0,162
MSC07,mem,1.0,162
MSC02,mem,1.0,272
MSC05,mem,1.0,272
MSC06,mem,0.9444444444444444,272
MSC07,mem,1.0,272
MSC02,mem,1.0,193
MSC05,mem,1.0,193
MSC06,mem,0.95,193
MSC07,mem,1.0,193
MSC02,mem,0.8,70
MSC05,mem,1.0,70
MSC06,mem,0.8,70
MSC07,mem,0.9,70
MSC02,mem,0.95,157
MSC05,mem,1.0,157
MSC06,mem,1.0,157
MSC07,mem,1.0,157
MSC02,mem,1.0,218
MSC05,mem,1.0,218
MSC06,mem,0.95,218
MSC07,mem,1.0,218
MSC02,mem,0.9,97
MSC05,mem,1.0,97
MSC06,mem,1.0,97
MSC07,mem,0.95,97
MSC02,mem,0.9,75
MSC05,mem,1.0,75
MSC06,mem,0.85,75
MSC07,mem,0.9,75
MSC02,mem,0.95,167
MSC05,mem,1.0,167
MSC06,mem,1.0,167
MSC07,mem,1.0,167
MSC02,mem,1.0,193
MSC05,mem,1.0,193
MSC06,mem,0.95,193
MSC07,mem,1.0,193
MSC02,mem,1.0,307
MSC05,mem,1.0,307
MSC06,mem,0.9444444444444444,307
MSC07,mem,1.0,307
MSC02,mem,1.0,218
MSC05,mem,1.0,218
MSC06,mem,0.95,218
MSC07,mem,1.0,218
MSC02,mem,1.0,271
MSC05,mem,1.0,271
MSC06,mem,0.9444444444444444,271
MSC07,mem,1.0,271
MSC02,mem,1.0,222
MSC05,mem,1.0,222
MSC06,mem,0.95,222
MSC07,mem,1.0,222
MSC02,mem,1.0,300
MSC05,mem,1.0,300
MSC06,mem,0.9444444444444444,300
MSC07,mem,1.0,300
MSC02,mem,0.95,152
MSC05,mem,1.0,152
MSC06,mem,1.0,152
MSC07,mem,1.0,152
MSC02,mem,1.0,256
MSC05,mem,1.0,256
MSC06,mem,0.9444444444444444,256
MSC07,mem,1.0,256
MSC02,mem,0.7666666666666666,346
MSC05,mem,1.0,346
MSC06,mem,0.9285714285714286,346
MSC07,mem,1.0,346
MSC02,mem,1.0,208
MSC05,mem,0.95,208
MSC06,mem,0.95,208
MSC07,mem,1.0,208
MSC02,mem,0.8,51
MSC05,mem,0.9,51
MSC06,mem,0.85,51
MSC07,mem,0.7,51
MSC02,mem,0.85,72
MSC05,mem,1.0,72
MSC06,mem,0.9,72
MSC07,mem,0.9,72
MSC02,mem,0.9,141
MSC05,mem,1.0,141
MSC06,mem,1.0,141
MSC07,mem,0.95,141
MSC02,mem,1.0,231
MSC05,mem,1.0,231
MSC06,mem,0.95,231
MSC07,mem,1.0,231
MSC02,mem,0.9,107
MSC05,mem,1.0,107
MSC06,mem,1.0,107
MSC07,mem,0.95,107
MSC02,mem,0.95,172
MSC05,mem,1.0,172
MSC06,mem,1.0,172
MSC07,mem,1.0,172
MSC02,mem,0.7666666666666666,345
MSC05,mem,1.0,345
MSC06,mem,0.9285714285714286,345
MSC07,mem,1.0,345
MSC02,mem,0.8,67
MSC05,mem,0.95,67
MSC06,mem,0.8,67
MSC07,mem,0.9,67
MSC02,mem,0.9,93
MSC05,mem,1.0,93
MSC06,mem,1.0,93
MSC07,mem,1.0,93
MSC02,mem,1.0,267
MSC05,mem,1.0,267
MSC06,mem,0.9444444444444444,267
MSC07,mem,1.0,267
MSC02,mem,0.85,72
MSC05,mem,1.0,72
MSC06,mem,0.9,72
MSC07,mem,0.9,72
MSC02,mem,1.0,236
MSC05,mem,1.0,236
MSC06,mem,0.95,236
MSC07,mem,1.0,236
MSC02,mem,1.0,319
MSC05,mem,1.0,319
MSC06,mem,0.9444444444444444,319
MSC07,mem,1.0,319
MSC02,mem,0.8,54
MSC05,mem,0.9,54
MSC06,mem,0.85,54
MSC07,mem,0.75,54
MSC02,mem,0.9,125
MSC05,mem,1.0,125
MSC06,mem,1.0,125
MSC07,mem,1.0,125
MSC02,mem,0.9,122
MSC05,mem,1.0,122
MSC06,mem,1.0,122
MSC07,mem,1.0,122
MSC02,mem,0.9,101
MSC05,mem,1.0,101
MSC06,mem,1.0,101
MSC07,mem,0.95,101
MSC02,mem,0.95,112
MSC05,mem,1.0,112
MSC06,mem,1.0,112
MSC07,mem,0.95,112
MSC02,mem,0.95,113
MSC05,mem,1.0,113
MSC06,mem,1.0,113
MSC07,mem,0.95,113
MSC02,mem,1.0,260
MSC05,mem,1.0,260
MSC06,mem,0.9444444444444444,260
MSC07,mem,1.0,260
MSC02,mem,1.0,213
MSC05,mem,1.0,213
MSC06,mem,0.95,213
MSC07,mem,1.0,213
MSC02,mem,0.85,74
MSC05,mem,1.0,74
MSC06,mem,0.85,74
MSC07,mem,0.9,74
MSC02,mem,0.8,58
MSC05,mem,0.85,58
MSC06,mem,0.8,58
MSC07,mem,0.75,58
MSC02,mem,0.9166666666666666,344
MSC05,mem,1.0,344
MSC06,mem,0.9285714285714286,344
MSC07,mem,1.0,344
MSC02,mem,0.9,130
MSC05,mem,1.0,130
MSC06,mem,1.0,130
MSC07,mem,0.95,130
MSC02,mem,0.9,120
MSC05,mem,0.95,120
MSC06,mem,1.0,120
MSC07,mem,1.0,120
MSC02,mem,1.0,250
MSC05,mem,1.0,250
MSC06,mem,0.9444444444444444,250
MSC07,mem,1.0,250
MSC02,mem,1.0,204
MSC05,mem,1.0,204
MSC06,mem,0.95,204
MSC07,mem,1.0,204
MSC02,mem,1.0,299
MSC05,mem,1.0,299
MSC06,mem,0.9444444444444444,299
MSC07,mem,1.0,299
MSC02,mem,0.95,170
MSC05,mem,1.0,170
MSC06,mem,1.0,170
MSC07,mem,1.0,170
MSC02,mem,0.95,150
MSC05,mem,1.0,150
MSC06,mem,1.0,150
MSC07,mem,0.95,150
MSC02,mem,0.95,111
MSC05,mem,1.0,111
MSC06,mem,1.0,111
MSC07,mem,0.95,111
MSC02,mem,1.0,223
MSC05,mem,1.0,223
MSC06,mem,0.95,223
MSC07,mem,1.0,223
MSC02,mem,1.0,308
MSC05,mem,1.0,308
MSC06,mem,0.9444444444444444,308
MSC07,mem,1.0,308
MSC02,mem,1.0,225
MSC05,mem,1.0,225
MSC06,mem,0.95,225
MSC07,mem,1.0,225
MSC02,mem,1.0,221
MSC05,mem,1.0,221
MSC06,mem,0.95,221
MSC07,mem,1.0,221
MSC02,mem,0.9,127
MSC05,mem,1.0,127
MSC06,mem,1.0,127
MSC07,mem,1.0,127
MSC02,mem,1.0,207
MSC05,mem,0.95,207
MSC06,mem,0.95,207
MSC07,mem,1.0,207
MSC02,mem,0.9,141
MSC05,mem,1.0,141
MSC06,mem,1.0,141
MSC07,mem,0.95,141
MSC02,mem,1.0,255
MSC05,mem,1.0,255
MSC06,mem,0.9444444444444444,255
MSC07,mem,1.0,255
MSC02,mem,0.85,73
MSC05,mem,1.0,73
MSC06,mem,0.9,73
MSC07,mem,0.9,73
MSC02,mem,0.95,160
MSC05,mem,1.0,160
MSC06,mem,1.0,160
MSC07,mem,1.0,160
MSC02,mem,1.0,280
MSC05,mem,1.0,280
MSC06,mem,0.9444444444444444,280
MSC07,mem,1.0,280
MSC02,mem,1.0,292
MSC05,mem,1.0,292
MSC06,mem,0.9444444444444444,292
MSC07,mem,1.0,292
MSC02,mem,1.0,291
MSC05,mem,1.0,291
MSC06,mem,0.9444444444444444,291
MSC07,mem,1.0,291
MSC02,mem,1.0,229
MSC05,mem,1.0,229
MSC06,mem,0.95,229
MSC07,mem,1.0,229
MSC02,mem,1.0,323
MSC05,mem,1.0,323
MSC06,mem,0.9444444444444444,323
MSC07,mem,1.0,323
MSC02,mem,0.8,69
MSC05,mem,1.0,69
MSC06,mem,0.8,69
MSC07,mem,0.9,69
MSC02,mem,1.0,272
MSC05,mem,1.0,272
MSC06,mem,0.9444444444444444,272
MSC07,mem,1.0,272
MSC02,mem,1.0,299
MSC05,mem,1.0,299
MSC06,mem,0.9444444444444444,299
MSC07,mem,1.0,299
MSC02,mem,1.0,249
MSC05,mem,1.0,249
MSC06,mem,0.9444444444444444,249
MSC07,mem,1.0,249
MSC02,mem,0.8,70
MSC05,mem,1.0,70
MSC06,mem,0.8,70
MSC07,mem,0.9,70
MSC02,mem,1.0,332
MSC05,mem,1.0,332
MSC06,mem,0.9444444444444444,332
MSC07,mem,1.0,332
MSC02,mem,1.0,241
MSC05,mem,0.95,241
MSC06,mem,0.9444444444444444,241
MSC07,mem,1.0,241
MSC02,mem,0.9,87
MSC05,mem,1.0,87
MSC06,mem,0.95,87
MSC07,mem,1.0,87
MSC02,mem,1.0,200
MSC05,mem,1.0,200
MSC06,mem,0.95,200
MSC07,mem,1.0,200
MSC02,mem,1.0,210
MSC05,mem,0.95,210
MSC06,mem,0.95,210
MSC07,mem,1.0,210
MSC02,mem,1.0,266
MSC05,mem,1.0,266
MSC06,mem,0.9444444444444444,266
MSC07,mem,1.0,266
MSC02,mem,0.95,169
MSC05,mem,1.0,169
MSC06,mem,1.0,169
MSC07,mem,1.0,169
MSC02,mem,0.95,165
MSC05,mem,1.0,165
MSC06,mem,1.0,165
MSC07,mem,1.0,165
MSC02,mem,0.9,137
MSC05,mem,1.0,137
MSC06,mem,1.0,137
MSC07,mem,0.95,137
MSC02,mem,0.8,68
MSC05,mem,1.0,68
MSC06,mem,0.8,68
MSC07,mem,0.9,68
MSC02,mem,0.9,141
MSC05,mem,1.0,141
MSC06,mem,1.0,141
MSC07,mem,0.95,141
MSC02,mem,0.95,113
MSC05,mem,1.0,113
MSC06,mem,1.0,113
MSC07,mem,0.95,113
MSC02,mem,1.0,338
MSC05,mem,1.0,338
MSC06,mem,0.9285714285714286,338
MSC07,mem,1.0,338
MSC02,mem,0.9166666666666666,343
MSC05,mem,1.0,343
MSC06,mem,0.9285714285714286,343
MSC07,mem,1.0,343
MSC02,mem,1.0,242
MSC05,mem,0.95,242
MSC06,mem,0.9444444444444444,242
MSC07,mem,1.0,242
MSC02,mem,1.0,274
MSC05,mem,1.0,274
MSC06,mem,0.9444444444444444,274
MSC07,mem,1.0,274
MSC02,mem,0.95,172
MSC05,mem,1.0,172
MSC06,mem,1.0,172
MSC07,mem,1.0,172
MSC02,mem,1.0,251
MSC05,mem,1.0,251
MSC06,mem,0.9444444444444444,251
MSC07,mem,1.0,251
MSC02,mem,0.8,54
MSC05,mem,0.9,54
MSC06,mem,0.85,54
MSC07,mem,0.75,54
MSC02,mem,1.0,297
MSC05,mem,1.0,297
MSC06,mem,0.9444444444444444,297
MSC07,mem,1.0,297
MSC02,mem,0.9,139
MSC05,mem,1.0,139
MSC06,mem,1.0,139
MSC07,mem,0.95,139
MSC02,mem,0.95,168
MSC05,mem,1.0,168
MSC06,mem,1.0,168
MSC07,mem,1.0,168
MSC02,mem,0.95,169
MSC05,mem,1.0,169
MSC06,mem,1.0,169
MSC07,mem,1.0,169
MSC02,mem,1.0,249
MSC05,mem,1.0,249
MSC06,mem,0.9444444444444444,249
MSC07,mem,1.0,249
MSC02,mem,1.0,302
MSC05,mem,1.0,302
MSC06,mem,0.9444444444444444,302
MSC07,mem,1.0,302
MSC02,mem,1.0,305
MSC05,mem,1.0,305
MSC06,mem,0.9444444444444444,305
MSC07,mem,1.0,305
MSC02,mem,0.95,159
MSC05,mem,1.0,159
MSC06,mem,1.0,159
MSC07,mem,1.0,159
MSC02,mem,1.0,292
MSC05,mem,1.0,292
MSC06,mem,0.9444444444444444,292
MSC07,mem,1.0,292
MSC02,mem,0.9,78
MSC05,mem,1.0,78
MSC06,mem,0.9,78
MSC07,mem,0.95,78
MSC02,mem,1.0,250
MSC05,mem,1.0,250
MSC06,mem,0.9444444444444444,250
MSC07,mem,1.0,250
MSC02,mem,1.0,235
MSC05,mem,1.0,235
MSC06,mem,0.95,235
MSC07,mem,1.0,235
MSC02,mem,0.9,102
MSC05,mem,1.0,102
MSC06,mem,1.0,102
MSC07,mem,0.95,102
MSC02,mem,0.8,62
MSC05,mem,0.85,62
MSC06,mem,0.8,62
MSC07,mem,0.8,62
MSC02,mem,1.0,276
MSC05,mem,1.0,276
MSC06,mem,0.9444444444444444,276
MSC07,mem,1.0,276
MSC02,mem,1.0,194
MSC05,mem,1.0,194
MSC06,mem,0.95,194
MSC07,mem,1.0,194
MSC02,mem,1.0,228
MSC05,mem,1.0,228
MSC06,mem,0.95,228
MSC07,mem,1.0,228
MSC02,mem,0.95,153
MSC05,mem,1.0,153
MSC06,mem,1.0,153
MSC07,mem,1.0,153
MSC02,mem,0.8,65
MSC05,mem,0.95,65
MSC06,mem,0.8,65
MSC07,mem,0.85,65
MSC02,mem,0.9,137
MSC05,mem,1.0,137
MSC06,mem,1.0,137
MSC07,mem,0.95,137
MSC02,mem,1.0,287
MSC05,mem,1.0,287
MSC06,mem,0.9444444444444444,287
MSC07,mem,1.0,287
MSC02,mem,1.0,308
MSC05,mem,1.0,308
MSC06,mem,0.9444444444444444,308
MSC07,mem,1.0,308
MSC02,mem,1.0,237
MSC05,mem,0.95,237
MSC06,mem,0.95,237
MSC07,mem,1.0,237
MSC02,mem,1.0,265
MSC05,mem,1.0,265
MSC06,mem,0.9444444444444444,265
MSC07,mem,1.0,265
MSC02,mem,1.0,273
MSC05,mem,1.0,273
MSC06,mem,0.9444444444444444,273
MSC07,mem,1.0,273
MSC02,mem,0.95,144
MSC05,mem,1.0,144
MSC06,mem,1.0,144
MSC07,mem,0.95,144
MSC02,mem,1.0,210
MSC05,mem,0.95,210
MSC06,mem,0.95,210
MSC07,mem,1.0,210
MSC02,mem,1.0,283
MSC05,mem,1.0,283
MSC06,mem,0.9444444444444444,283
MSC07,mem,1.0,283
MSC02,mem,1.0,253
MSC05,mem,1.0,253
MSC06,mem,0.9444444444444444,253
MSC07,mem,1.0,253
MSC02,mem,1.0,179
MSC05,mem,1.0,179
MSC06,mem,0.95,179
MSC07,mem,1.0,179
MSC02,mem,1.0,338
MSC05,mem,1.0,338
MSC06,mem,0.9285714285714286,338
MSC07,mem,1.0,338
MSC02,mem,1.0,275
MSC05,mem,1.0,275
MSC06,mem,0.9444444444444444,275
MSC07,mem,1.0,275
MSC02,mem,0.95,155
MSC05,mem,1.0,155
MSC06,mem,1.0,155
MSC07,mem,1.0,155
MSC02,mem,1.0,251
MSC05,mem,1.0,251
MSC06,mem,0.9444444444444444,251
MSC07,mem,1.0,251
MSC02,mem,0.95,111
MSC05,mem,1.0,111
MSC06,mem,1.0,111
MSC07,mem,0.95,111
MSC02,mem,1.0,269
MSC05,mem,1.0,269
MSC06,mem,0.9444444444444444,269
MSC07,mem,1.0,269
MSC02,mem,1.0,249
MSC05,mem,1.0,249
MSC06,mem,0.9444444444444444,249
MSC07,mem,1.0,249
MSC02,mem,1.0,325
MSC05,mem,1.0,325
MSC06,mem,0.9444444444444444,325
MSC07,mem,1.0,325
MSC02,mem,1.0,223
MSC05,mem,1.0,223
MSC06,mem,0.95,223
MSC07,mem,1.0,223
MSC02,mem,1.0,318
MSC05,mem,1.0,318
MSC06,mem,0.9444444444444444,318
MSC07,mem,1.0,318
MSC02,mem,0.95,153
MSC05,mem,1.0,153
MSC06,mem,1.0,153
MSC07,mem,1.0,153
MSC02,mem,0.9,129
MSC05,mem,1.0,129
MSC06,mem,1.0,129
MSC07,mem,0.95,129
MSC02,mem,0.95,160
MSC05,mem,1.0,160
MSC06,mem,1.0,160
MSC07,mem,1.0,160
MSC02,mem,1.0,177
MSC05,mem,1.0,177
MSC06,mem,0.95,177
MSC07,mem,1.0,177
MSC02,mem,1.0,336
MSC05,mem,1.0,336
MSC06,mem,0.9375,336
MSC07,mem,1.0,336
MSC02,mem,1.0,194
MSC05,mem,1.0,194
MSC06,mem,0.95,194
MSC07,mem,1.0,194
MSC02,mem,1.0,274
MSC05,mem,1.0,274
MSC06,mem,0.9444444444444444,274
MSC07,mem,1.0,274
MSC02,mem,1.0,262
MSC05,mem,1.0,262
MSC06,mem,0.9444444444444444,262
MSC07,mem,1.0,262
MSC02,mem,0.9,90
MSC05,mem,1.0,90
MSC06,mem,1.0,90
MSC07,mem,1.0,90
MSC02,mem,1.0,256
MSC05,mem,1.0,256
MSC06,mem,0.9444444444444444,256
MSC07,mem,1.0,256
MSC02,mem,0.95,162
MSC05,mem,1.0,162
MSC06,mem,1.0,162
MSC07,mem,1.0,162
MSC02,mem,1.0,203
MSC05,mem,1.0,203
MSC06,mem,0.95,203
MSC07,mem,1.0,203
MSC02,mem,1.0,243
MSC05,mem,0.95,243
MSC06,mem,0.9444444444444444,243
MSC07,mem,1.0,243
MSC02,mem,1.0,217
MSC05,mem,1.0,217
MSC06,mem,0.95,217
MSC07,mem,1.0,217
MSC02,mem,0.8,55
MSC05,mem,0.9,55
MSC06,mem,0.85,55
MSC07,mem,0.75,55
MSC02,mem,1.0,336
MSC05,mem,1.0,336
MSC06,mem,0.9375,336
MSC07,mem,1.0,336
MSC02,mem,1.0,183
MSC05,mem,1.0,183
MSC06,mem,0.95,183
MSC07,mem,1.0,183
MSC02,mem,1.0,301
MSC05,mem,1.0,301
MSC06,mem,0.9444444444444444,301
MSC07,mem,1.0,301
MSC02,mem,1.0,227
MSC05,mem,1.0,227
MSC06,mem,0.95,227
MSC07,mem,1.0,227
MSC02,mem,1.0,255
MSC05,mem,1.0,255
MSC06,mem,0.9444444444444444,255
MSC07,mem,1.0,255
MSC02,mem,0.8,54
MSC05,mem,0.9,54
MSC06,mem,0.85,54
MSC07,mem,0.75,54
MSC02,mem,1.0,193
MSC05,mem,1.0,193
MSC06,mem,0.95,193
MSC07,mem,1.0,193
MSC02,mem,0.9,95
MSC05,mem,1.0,95
MSC06,mem,1.0,95
MSC07,mem,0.95,95
MSC02,mem,0.95,165
MSC05,mem,1.0,165
MSC06,mem,1.0,165
MSC07,mem,1.0,165
MSC02,mem,1.0,246
MSC05,mem,1.0,246
MSC06,mem,0.9444444444444444,246
MSC07,mem,1.0,246
MSC02,mem,1.0,319
MSC05,mem,1.0,319
MSC06,mem,0.9444444444444444,319
MSC07,mem,1.0,319
MSC02,mem,0.8,67
MSC05,mem,0.95,67
MSC06,mem,0.8,67
MSC07,mem,0.9,67
MSC02,mem,0.9,103
MSC05,mem,1.0,103
MSC06,mem,1.0,103
MSC07,mem,0.95,103
MSC02,mem,1.0,337
MSC05,mem,1.0,337
MSC06,mem,0.9375,337
MSC07,mem,1.0,337
MSC02,mem,0.9,123
MSC05,mem,1.0,123
MSC06,mem,1.0,123
MSC07,mem,1.0,123
MSC02,mem,0.95,163
MSC05,mem,1.0,163
MSC06,mem,1.0,163
MSC07,mem,1.0,163
MSC02,mem,1.0,214
MSC05,mem,1.0,214
MSC06,mem,0.95,214
MSC07,mem,1.0,214
MSC02,mem,1.0,225
MSC05,mem,1.0,225
MSC06,mem,0.95,225
MSC07,mem,1.0,225
MSC02,mem,1.0,206
MSC05,mem,0.95,206
MSC06,mem,0.95,206
MSC07,mem,1.0,206
MSC02,mem,1.0,234
MSC05,mem,1.0,234
MSC06,mem,0.95,234
MSC07,mem,1.0,234
MSC02,mem,1.0,201
MSC05,mem,1.0,201
MSC06,mem,0.95,201
MSC07,mem,1.0,201
MSC02,mem,0.9166666666666666,344
MSC05,mem,1.0,344
MSC06,mem,0.9285714285714286,344
MSC07,mem,1.0,344
MSC02,mem,1.0,201
MSC05,mem,1.0,201
MSC06,mem,0.95,201
MSC07,mem,1.0,201
MSC02,mem,0.9,123
MSC05,mem,1.0,123
MSC06,mem,1.0,123
MSC07,mem,1.0,123
MSC02,mem,0.9166666666666666,342
MSC05,mem,1.0,342
MSC06,mem,0.9285714285714286,342
MSC07,mem,1.0,342
MSC02,mem,1.0,321
MSC05,mem,1.0,321
MSC06,mem,0.9444444444444444,321
MSC07,mem,1.0,321
MSC02,mem,0.8,68
MSC05,mem,1.0,68
MSC06,mem,0.8,68
MSC07,mem,0.9,68
MSC02,mem,0.95,167
MSC05,mem,1.0,167
MSC06,mem,1.0,167
MSC07,mem,1.0,167
MSC02,mem,1.0,185
MSC05,mem,1.0,185
MSC06,mem,0.95,185
MSC07,mem,1.0,185
MSC02,mem,0.9,105
MSC05,mem,1.0,105
MSC06,mem,1.0,105
MSC07,mem,0.95,105
MSC02,mem,1.0,337
MSC05,mem,1.0,337
MSC06,mem,0.9375,337
MSC07,mem,1.0,337
MSC02,mem,1.0,290
MSC05,mem,1.0,290
MSC06,mem,0.9444444444444444,290
MSC07,mem,1.0,290
MSC02,mem,1.0,332
MSC05,mem,1.0,332
MSC06,mem,0.9444444444444444,332
MSC07,mem,1.0,332
MSC02,mem,0.9,133
MSC05,mem,1.0,133
MSC06,mem,1.0,133
MSC07,mem,0.95,133
MSC02,mem,0.95,151
MSC05,mem,1.0,151
MSC06,mem,1.0,151
MSC07,mem,0.95,151
MSC02,mem,1.0,309
MSC05,mem,1.0,309
MSC06,mem,0.9444444444444444,309
MSC07,mem,1.0,309
MSC02,mem,0.9,131
MSC05,mem,1.0,131
MSC06,mem,1.0,131
MSC07,mem,0.95,131
MSC02,mem,1.0,314
MSC05,mem,1.0,314
MSC06,mem,0.9444444444444444,314
MSC07,mem,1.0,314
MSC02,mem,0.95,156
MSC05,mem,1.0,156
MSC06,mem,1.0,156
MSC07,mem,1.0,156
MSC02,mem,1.0,303
MSC05,mem,1.0,303
MSC06,mem,0.9444444444444444,303
MSC07,mem,1.0,303
MSC02,mem,1.0,269
MSC05,mem,1.0,269
MSC06,mem,0.9444444444444444,269
MSC07,mem,1.0,269
MSC02,mem,1.0,315
MSC05,mem,1.0,315
MSC06,mem,0.9444444444444444,315
MSC07,mem,1.0,315
MSC02,mem,1.0,238
MSC05,mem,0.95,238
MSC06,mem,0.95,238
MSC07,mem,1.0,238
MSC02,mem,1.0,311
MSC05,mem,1.0,311
MSC06,mem,0.9444444444444444,311
MSC07,mem,1.0,311
MSC02,mem,1.0,267
MSC05,mem,1.0,267
MSC06,mem,0.9444444444444444,267
MSC07,mem,1.0,267
MSC02,mem,1.0,210
MSC05,mem,0.95,210
MSC06,mem,0.95,210
MSC07,mem,1.0,210
MSC02,mem,1.0,181
MSC05,mem,1.0,181
MSC06,mem,0.95,181
MSC07,mem,1.0,181
MSC02,mem,0.95,142
MSC05,mem,1.0,142
MSC06,mem,1.0,142
MSC07,mem,0.95,142
MSC02,mem,1.0,224
MSC05,mem,1.0,224
MSC06,mem,0.95,224
MSC07,mem,1.0,224
MSC02,mem,0.95,113
MSC05,mem,1.0,113
MSC06,mem,1.0,113
MSC07,mem,0.95,113
MSC02,mem,0.8,52
MSC05,mem,0.85,52
MSC06,mem,0.85,52
MSC07,mem,0.75,52
MSC02,mem,1.0,244
MSC05,mem,0.95,244
MSC06,mem,0.9444444444444444,244
MSC07,mem,1.0,244
MSC02,mem,1.0,312
MSC05,mem,1.0,312
MSC06,mem,0.9444444444444444,312
MSC07,mem,1.0,312
MSC02,mem,0.7666666666666666,347
MSC05,mem,1.0,347
MSC06,mem,0.9285714285714286,347
MSC07,mem,0.7708333333333333,347
MSC02,mem,1.0,210
MSC05,mem,0.95,210
MSC06,mem,0.95,210
MSC07,mem,1.0,210
MSC02,mem,0.9,127
MSC05,mem,1.0,127
MSC06,mem,1.0,127
MSC07,mem,1.0,127
MSC02,mem,0.8,68
MSC05,mem,1.0,68
MSC06,mem,0.8,68
MSC07,mem,0.9,68
MSC02,mem,0.9,97
MSC05,mem,1.0,97
MSC06,mem,1.0,97
MSC07,mem,0.95,97
MSC02,mem,0.9,139
MSC05,mem,1.0,139
MSC06,mem,1.0,139
MSC07,mem,0.95,139
MSC02,mem,0.8,50
MSC05,mem,0.9,50
MSC06,mem,0.85,50
MSC07,mem,0.7,50
MSC02,mem,1.0,309
MSC05,mem,1.0,309
MSC06,mem,0.9444444444444444,309
MSC07,mem,1.0,309
MSC02,mem,1.0,248
MSC05,mem,1.0,248
MSC06,mem,0.9444444444444444,248
MSC07,mem,1.0,248
MSC02,mem,1.0,295
MSC05,mem,1.0,295
MSC06,mem,0.9444444444444444,295
MSC07,mem,1.0,295
MSC02,mem,0.95,164
MSC05,mem,1.0,164
MSC06,mem,1.0,164
MSC07,mem,1.0,164
MSC02,mem,1.0,195
MSC05,mem,1.0,195
MSC06,mem,0.95,195
MSC07,mem,1.0,195
MSC02,mem,0.9,127
MSC05,mem,1.0,127
MSC06,mem,1.0,127
MSC07,mem,1.0,127
MSC02,mem,1.0,306
MSC05,mem,1.0,306
MSC06,mem,0.9444444444444444,306
MSC07,mem,1.0,306
MSC02,mem,1.0,337
MSC05,mem,1.0,337
MSC06,mem,0.9375,337
MSC07,mem,1.0,337
MSC02,mem,1.0,248
MSC05,mem,1.0,248
MSC06,mem,0.9444444444444444,248
MSC07,mem,1.0,248
MSC02,mem,1.0,284
MSC05,mem,1.0,284
MSC06,mem,0.9444444444444444,284
MSC07,mem,1.0,284
MSC02,mem,1.0,332
MSC05,mem,1.0,332
MSC06,mem,0.9444444444444444,332
MSC07,mem,1.0,332
MSC02,mem,1.0,323
MSC05,mem,1.0,323
MSC06,mem,0.9444444444444444,323
MSC07,mem,1.0,323
MSC02,mem,0.9,137
MSC05,mem,1.0,137
MSC06,mem,1.0,137
MSC07,mem,0.95,137
MSC02,mem,1.0,261
MSC05,mem,1.0,261
MSC06,mem,0.9444444444444444,261
MSC07,mem,1.0,261
MSC02,mem,1.0,195
MSC05,mem,1.0,195
MSC06,mem,0.95,195
MSC07,mem,1.0,195
MSC02,mem,0.85,74
MSC05,mem,1.0,74
MSC06,mem,0.85,74
MSC07,mem,0.9,74
MSC02,mem,1.0,249
MSC05,mem,1.0,249
MSC06,mem,0.9444444444444444,249
MSC07,mem,1.0,249
MSC02,mem,1.0,277
MSC05,mem,1.0,277
MSC06,mem,0.9444444444444444,277
MSC07,mem,1.0,277
MSC02,mem,0.9,85
MSC05,mem,1.0,85
MSC06,mem,0.95,85
MSC07,mem,0.95,85
MSC02,mem,1.0,205
MSC05,mem,0.95,205
MSC06,mem,0.95,205
MSC07,mem,1.0,205
MSC02,mem,1.0,313
MSC05,mem,1.0,313
MSC06,mem,0.9444444444444444,313
MSC07,mem,1.0,313
MSC02,mem,0.9,106
MSC05,mem,1.0,106
MSC06,mem,1.0,106
MSC07,mem,0.95,106
MSC02,mem,0.95,143
MSC05,mem,1.0,143
MSC06,mem,1.0,143
MSC07,mem,0.95,143
MSC02,mem,1.0,216
MSC05,mem,1.0,216
MSC06,mem,0.95,216
MSC07,mem,1.0,216
MSC02,mem,1.0,204
MSC05,mem,1.0,204
MSC06,mem,0.95,204
MSC07,mem,1.0,204
MSC02,mem,1.0,202
MSC05,mem,1.0,202
MSC06,mem,0.95,202
MSC07,mem,1.0,202
MSC02,mem,0.9,132
MSC05,mem,1.0,132
MSC06,mem,1.0,132
MSC07,mem,0.95,132
MSC02,mem,0.9,82
MSC05,mem,1.0,82
MSC06,mem,0.9,82
MSC07,mem,0.9,82
MSC02,mem,0.8,53
MSC05,mem,0.9,53
MSC06,mem,0.85,53
MSC07,mem,0.75,53
MSC02,mem,0.9,80
MSC05,mem,1.0,80
MSC06,mem,0.9,80
MSC07,mem,0.95,80
MSC02,mem,1.0,233
MSC05,mem,1.0,233
MSC06,mem,0.95,233
MSC07,mem,1.0,233
MSC02,mem,0.95,145
MSC05,mem,1.0,145
MSC06,mem,1.0,145
MSC07,mem,0.95,145
MSC02,mem,0.95,143
MSC05,mem,1.0,143
MSC06,mem,1.0,143
MSC07,mem,0.95,143
MSC02,mem,0.9,86
MSC05,mem,1.0,86
MSC06,mem,0.95,86
MSC07,mem,1.0,86
MSC02,mem,1.0,239
MSC05,mem,0.95,239
MSC06,mem,0.95,239
MSC07,mem,1.0,239
MSC02,mem,1.0,212
MSC05,mem,1.0,212
MSC06,mem,0.95,212
MSC07,mem,1.0,212
MSC02,mem,0.9,121
MSC05,mem,1.0,121
MSC06,mem,1.0,121
MSC07,mem,1.0,121
MSC02,mem,1.0,226
MSC05,mem,1.0,226
MSC06,mem,0.95,226
MSC07,mem,1.0,226
MSC02,mem,0.95,164
MSC05,mem,1.0,164
MSC06,mem,1.0,164
MSC07,mem,1.0,164
MSC02,mem,1.0,301
MSC05,mem,1.0,301
MSC06,mem,0.9444444444444444,301
MSC07,mem,1.0,301
MSC02,mem,0.95,151
MSC05,mem,1.0,151
MSC06,mem,1.0,151
MSC07,mem,0.95,151
MSC02,mem,1.0,302
MSC05,mem,1.0,302
MSC06,mem,0.9444444444444444,302
MSC07,mem,1.0,302
MSC02,mem,1.0,177
MSC05,mem,1.0,177
MSC06,mem,0.95,177
MSC07,mem,1.0,177
MSC02,mem,0.95,144
MSC05,mem,1.0,144
MSC06,mem,1.0,144
MSC07,mem,0.95,144
MSC02,mem,0.9166666666666666,339
MSC05,mem,1.0,339
MSC06,mem,0.9285714285714286,339
MSC07,mem,1.0,339
MSC02,mem,0.9,137
MSC05,mem,1.0,137
MSC06,mem,1.0,137
MSC07,mem,0.95,137
MSC02,mem,1.0,247
MSC05,mem,1.0,247
MSC06,mem,0.9444444444444444,247
MSC07,mem,1.0,247
MSC02,mem,1.0,208
MSC05,mem,0.95,208
MSC06,mem,0.95,208
MSC07,mem,1.0,208
MSC02,mem,1.0,220
MSC05,mem,1.0,220
MSC06,mem,0.95,220
MSC07,mem,1.0,220
MSC02,mem,0.9,130
MSC05,mem,1.0,130
MSC06,mem,1.0,130
MSC07,mem,0.95,130
MSC02,mem,1.0,323
MSC05,mem,1.0,323
MSC06,mem,0.9444444444444444,323
MSC07,mem,1.0,323
MSC02,mem,1.0,221
MSC05,mem,1.0,221
MSC06,mem,0.95,221
MSC07,mem,1.0,221
MSC02,mem,0.8,50
MSC05,mem,0.9,50
MSC06,mem,0.85,50
MSC07,mem,0.7,50
MSC02,mem,0.8,59
MSC05,mem,0.85,59
MSC06,mem,0.8,59
MSC07,mem,0.75,59
MSC02,mem,0.7666666666666666,345
MSC05,mem,1.0,345
MSC06,mem,0.9285714285714286,345
MSC07,mem,1.0,345
MSC02,mem,0.9166666666666666,341
MSC05,mem,1.0,341
MSC06,mem,0.9285714285714286,341
MSC07,mem,1.0,341
MSC02,mem,1.0,178
MSC05,mem,1.0,178
MSC06,mem,0.95,178
MSC07,mem,1.0,178
MSC02,mem,1.0,235
MSC05,mem,1.0,235
MSC06,mem,0.95,235
MSC07,mem,1.0,235
MSC02,mem,1.0,325
MSC05,mem,1.0,325
MSC06,mem,0.9444444444444444,325
MSC07,mem,1.0,325
MSC02,mem,1.0,211
MSC05,mem,0.95,211
MSC06,mem,0.95,211
MSC07,mem,1.0,211
MSC02,mem,1.0,333
MSC05,mem,1.0,333
MSC06,mem,0.9375,333
MSC07,mem,1.0,333
MSC02,mem,1.0,302
MSC05,mem,1.0,302
MSC06,mem,0.9444444444444444,302
MSC07,mem,1.0,302
MSC02,mem,1.0,250
MSC05,mem,1.0,250
MSC06,mem,0.9444444444444444,250
MSC07,mem,1.0,250
MSC02,mem,1.0,285
MSC05,mem,1.0,285
MSC06,mem,0.9444444444444444,285
MSC07,mem,1.0,285
MSC02,mem,0.95,144
MSC05,mem,1.0,144
MSC06,mem,1.0,144
MSC07,mem,0.95,144
MSC02,mem,0.9,104
MSC05,mem,1.0,104
MSC06,mem,1.0,104
MSC07,mem,0.95,104
MSC02,mem,1.0,271
MSC05,mem,1.0,271
MSC06,mem,0.9444444444444444,271
MSC07,mem,1.0,271
MSC02,mem,0.95,142
MSC05,mem,1.0,142
MSC06,mem,1.0,142
MSC07,mem,0.95,142
MSC02,mem,1.0,273
MSC05,mem,1.0,273
MSC06,mem,0.9444444444444444,273
MSC07,mem,1.0,273
MSC02,mem,0.9,125
MSC05,mem,1.0,125
MSC06,mem,1.0,125
MSC07,mem,1.0,125
MSC02,mem,1.0,331
MSC05,mem,1.0,331
MSC06,mem,0.9444444444444444,331
MSC07,mem,1.0,331
MSC02,mem,0.9166666666666666,340
MSC05,mem,1.0,340
MSC06,mem,0.9285714285714286,340
MSC07,mem,1.0,340
MSC02,mem,1.0,191
MSC05,mem,1.0,191
MSC06,mem,0.95,191
MSC07,mem,1.0,191
MSC02,mem,0.9166666666666666,344
MSC05,mem,1.0,344
MSC06,mem,0.9285714285714286,344
MSC07,mem,1.0,344
MSC02,mem,1.0,185
MSC05,mem,1.0,185
MSC06,mem,0.95,185
MSC07,mem,1.0,185
MSC02,mem,0.9,93
MSC05,mem,1.0,93
MSC06,mem,1.0,93
MSC07,mem,1.0,93
MSC02,mem,0.9,85
MSC05,mem,1.0,85
MSC06,mem,0.95,85
MSC07,mem,0.95,85
MSC02,mem,0.9,128
MSC05,mem,1.0,128
MSC06,mem,1.0,128
MSC07,mem,1.0,128
MSC02,mem,0.9,76
MSC05,mem,1.0,76
MSC06,mem,0.85,76
MSC07,mem,0.95,76
MSC02,mem,0.9,82
MSC05,mem,1.0,82
MSC06,mem,0.9,82
MSC07,mem,0.9,82
MSC02,mem,1.0,195
MSC05,mem,1.0,195
MSC06,mem,0.95,195
MSC07,mem,1.0,195
MSC02,mem,1.0,318
MSC05,mem,1.0,318
MSC06,mem,0.9444444444444444,318
MSC07,mem,1.0,318
MSC02,mem,1.0,272
MSC05,mem,1.0,272
MSC06,mem,0.9444444444444444,272
MSC07,mem,1.0,272
MSC02,mem,1.0,290
MSC05,mem,1.0,290
MSC06,mem,0.9444444444444444,290
MSC07,mem,1.0,290
MSC02,mem,1.0,240
MSC05,mem,0.95,240
MSC06,mem,0.95,240
MSC07,mem,1.0,240
MSC02,mem,1.0,248
MSC05,mem,1.0,248
MSC06,mem,0.9444444444444444,248
MSC07,mem,1.0,248
MSC02,mem,0.95,153
MSC05,mem,1.0,153
MSC06,mem,1.0,153
MSC07,mem,1.0,153
MSC02,mem,1.0,184
MSC05,mem,1.0,184
MSC06,mem,0.95,184
MSC07,mem,1.0,184
MSC02,mem,0.8,61
MSC05,mem,0.85,61
MSC06,mem,0.8,61
MSC07,mem,0.8,61
MSC02,mem,0.9,79
MSC05,mem,1.0,79
MSC06,mem,0.9,79
MSC07,mem,0.95,79
MSC02,mem,0.9,106
MSC05,mem,1.0,106
MSC06,mem,1.0,106
MSC07,mem,0.95,106
MSC02,mem,1.0,254
MSC05,mem,1.0,254
MSC06,mem,0.9444444444444444,254
MSC07,mem,1.0,254
MSC02,mem,0.9,86
MSC05,mem,1.0,86
MSC06,mem,0.95,86
MSC07,mem,1.0,86
MSC02,mem,0.95,109
MSC05,mem,1.0,109
MSC06,mem,1.0,109
MSC07,mem,0.95,109
MSC02,mem,1.0,292
MSC05,mem,1.0,292
MSC06,mem,0.9444444444444444,292
MSC07,mem,1.0,292
MSC02,mem,1.0,217
MSC05,mem,1.0,217
MSC06,mem,0.95,217
MSC07,mem,1.0,217
MSC02,mem,0.95,162
MSC05,mem,1.0,162
MSC06,mem,1.0,162
MSC07,mem,1.0,162
MSC02,mem,1.0,211
MSC05,mem,0.95,211
MSC06,mem,0.95,211
MSC07,mem,1.0,211
MSC02,mem,1.0,250
MSC05,mem,1.0,250
MSC06,mem,0.9444444444444444,250
MSC07,mem,1.0,250
MSC02,mem,1.0,323
MSC05,mem,1.0,323
MSC06,mem,0.9444444444444444,323
MSC07,mem,1.0,323
MSC02,mem,0.8,50
MSC05,mem,0.9,50
MSC06,mem,0.85,50
MSC07,mem,0.7,50
MSC02,mem,1.0,246
MSC05,mem,1.0,246
MSC06,mem,0.9444444444444444,246
MSC07,mem,1.0,246
MSC02,mem,1.0,267
MSC05,mem,1.0,267
MSC06,mem,0.9444444444444444,267
MSC07,mem,1.0,267
MSC02,mem,1.0,197
MSC05,mem,1.0,197
MSC06,mem,0.95,197
MSC07,mem,1.0,197
MSC02,mem,0.9,127
MSC05,mem,1.0,127
MSC06,mem,1.0,127
MSC07,mem,1.0,127
MSC02,mem,0.9166666666666666,341
MSC05,mem,1.0,341
MSC06,mem,0.9285714285714286,341
MSC07,mem,1.0,341
MSC02,mem,1.0,261
MSC05,mem,1.0,261
MSC06,mem,0.9444444444444444,261
MSC07,mem,1.0,261
MSC02,mem,0.8,54
MSC05,mem,0.9,54
MSC06,mem,0.85,54
MSC07,mem,0.75,54
MSC02,mem,0.9,90
MSC05,mem,1.0,90
MSC06,mem,1.0,90
MSC07,mem,1.0,90
MSC02,mem,0.9,130
MSC05,mem,1.0,130
MSC06,mem,1.0,130
MSC07,mem,0.95,130
MSC02,mem,0.8,69
MSC05,mem,1.0,69
MSC06,mem,0.8,69
MSC07,mem,0.9,69
MSC02,mem,1.0,273
MSC05,mem,1.0,273
MSC06,mem,0.9444444444444444,273
MSC07,mem,1.0,273
MSC02,mem,0.95,170
MSC05,mem,1.0,170
MSC06,mem,1.0,170
MSC07,mem,1.0,170
MSC02,mem,1.0,322
MSC05,mem,1.0,322
MSC06,mem,0.9444444444444444,322
MSC07,mem,1.0,322
MSC02,mem,0.9,136
MSC05,mem,1.0,136
MSC06,mem,1.0,136
MSC07,mem,0.95,136
MSC02,mem,0.95,166
MSC05,mem,1.0,166
MSC06,mem,1.0,166
MSC07,mem,1.0,166
MSC02,mem,0.9,80
MSC05,mem,1.0,80
MSC06,mem,0.9,80
MSC07,mem,0.95,80
MSC02,mem,0.9,88
MSC05,mem,1.0,88
MSC06,mem,1.0,88
MSC07,mem,1.0,88
MSC02,mem,1.0,191
MSC05,mem,1.0,191
MSC06,mem,0.95,191
MSC07,mem,1.0,191
MSC02,mem,0.8,59
MSC05,mem,0.85,59
MSC06,mem,0.8,59
MSC07,mem,0.75,59
MSC02,mem,0.9,91
MSC05,mem,1.0,91
MSC06,mem,1.0,91
MSC07,mem,1.0,91
MSC02,mem,1.0,280
MSC05,mem,1.0,280
MSC06,mem,0.9444444444444444,280
MSC07,mem,1.0,280
MSC02,mem,0.9,103
MSC05,mem,1.0,103
MSC06,mem,1.0,103
MSC07,mem,0.95,103
MSC02,mem,0.9,119
MSC05,mem,0.95,119
MSC06,mem,1.0,119
MSC07,mem,1.0,119
MSC02,mem,1.0,270
MSC05,mem,1.0,270
MSC06,mem,0.9444444444444444,270
MSC07,mem,1.0,270
MSC02,mem,0.9,99
MSC05,mem,1.0,99
MSC06,mem,1.0,99
MSC07,mem,0.95,99
MSC02,mem,1.0,194
MSC05,mem,1.0,194
MSC06,mem,0.95,194
MSC07,mem,1.0,194
MSC02,mem,0.95,172
MSC05,mem,1.0,172
MSC06,mem,1.0,172
MSC07,mem,1.0,172
MSC02,mem,0.9,81
MSC05,mem,1.0,81
MSC06,mem,0.9,81
MSC07,mem,0.95,81
MSC02,mem,1.0,249
MSC05,mem,1.0,249
MSC06,mem,0.9444444444444444,249
MSC07,mem,1.0,249
MSC02,mem,0.95,142
MSC05,mem,1.0,142
MSC06,mem,1.0,142
MSC07,mem,0.95,142
MSC02,mem,0.9,131
MSC05,mem,1.0,131
MSC06,mem,1.0,131
MSC07,mem,0.95,131
MSC02,mem,0.85,71
MSC05,mem,1.0,71
MSC06,mem,0.85,71
MSC07,mem,0.9,71
MSC02,mem,0.9,90
MSC05,mem,1.0,90
MSC06,mem,1.0,90
MSC07,mem,1.0,90
MSC02,mem,0.95,168
MSC05,mem,1.0,168
MSC06,mem,1.0,168
MSC07,mem,1.0,168
MSC02,mem,1.0,304
MSC05,mem,1.0,304
MSC06,mem,0.9444444444444444,304
MSC07,mem,1.0,304
MSC02,mem,1.0,308
MSC05,mem,1.0,308
MSC06,mem,0.9444444444444444,308
MSC07,mem,1.0,308
MSC02,mem,1.0,211
MSC05,mem,0.95,211
MSC06,mem,0.95,211
MSC07,mem,1.0,211
MSC02,mem,1.0,206
MSC05,mem,0.95,206
MSC06,mem,0.95,206
MSC07,mem,1.0,206
MSC02,mem,0.95,113
MSC05,mem,1.0,113
MSC06,mem,1.0,113
MSC07,mem,0.95,113
MSC02,mem,1.0,275
MSC05,mem,1.0,275
MSC06,mem,0.9444444444444444,275
MSC07,mem,1.0,275
MSC02,mem,0.9,92
MSC05,mem,1.0,92
MSC06,mem,1.0,92
MSC07,mem,1.0,92
MSC02,mem,1.0,265
MSC05,mem,1.0,265
MSC06,mem,0.9444444444444444,265
MSC07,mem,1.0,265
MSC02,mem,0.95,151
MSC05,mem,1.0,151
MSC06,mem,1.0,151
MSC07,mem,0.95,151
MSC02,mem,0.9,89
MSC05,mem,1.0,89
MSC06,mem,1.0,89
MSC07,mem,1.0,89
MSC02,mem,1.0,287
MSC05,mem,1.0,287
MSC06,mem,0.9444444444444444,287
MSC07,mem,1.0,287
MSC02,mem,1.0,185
MSC05,mem,1.0,185
MSC06,mem,0.95,185
MSC07,mem,1.0,185
MSC02,mem,0.95,116
MSC05,mem,1.0,116
MSC06,mem,1.0,116
MSC07,mem,0.95,116
MSC02,mem,1.0,217
MSC05,mem,1.0,217
MSC06,mem,0.95,217
MSC07,mem,1.0,217
MSC02,mem,1.0,257
MSC05,mem,1.0,257
MSC06,mem,0.9444444444444444,257
MSC07,mem,1.0,257
MSC02,mem,1.0,189
MSC05,mem,1.0,189
MSC06,mem,0.95,189
MSC07,mem,1.0,189
MSC02,mem,1.0,276
MSC05,mem,1.0,276
MSC06,mem,0.9444444444444444,276
MSC07,mem,1.0,276
MSC02,mem,0.95,116
MSC05,mem,1.0,116
MSC06,mem,1.0,116
MSC07,mem,0.95,116
MSC02,mem,1.0,210
MSC05,mem,0.95,210
MSC06,mem,0.95,210
MSC07,mem,1.0,210
MSC02,mem,1.0,229
MSC05,mem,1.0,229
MSC06,mem,0.95,229
MSC07,mem,1.0,229
MSC02,mem,0.8,66
MSC05,mem,0.95,66
MSC06,mem,0.8,66
MSC07,mem,0.9,66
MSC02,mem,0.95,118
MSC05,mem,0.95,118
MSC06,mem,1.0,118
MSC07,mem,1.0,118
MSC02,mem,1.0,240
MSC05,mem,0.95,240
MSC06,mem,0.95,240
MSC07,mem,1.0,240
MSC02,mem,1.0,197
MSC05,mem,1.0,197
MSC06,mem,0.95,197
MSC07,mem,1.0,197
MSC02,mem,1.0,301
MSC05,mem,1.0,301
MSC06,mem,0.9444444444444444,301
MSC07,mem,1.0,301
MSC02,mem,0.9,139
MSC05,mem,1.0,139
MSC06,mem,1.0,139
MSC07,mem,0.95,139
MSC02,mem,0.9,107
MSC05,mem,1.0,107
MSC06,mem,1.0,107
MSC07,mem,0.95,107
MSC02,mem,1.0,266
MSC05,mem,1.0,266
MSC06,mem,0.9444444444444444,266
MSC07,mem,1.0,266
MSC02,mem,0.9,127
MSC05,mem,1.0,127
MSC06,mem,1.0,127
MSC07,mem,1.0,127
MSC02,mem,1.0,301
MSC05,mem,1.0,301
MSC06,mem,0.9444444444444444,301
MSC07,mem,1.0,301
MSC02,mem,1.0,216
MSC05,mem,1.0,216
MSC06,mem,0.95,216
MSC07,mem,1.0,216
MSC02,mem,1.0,235
MSC05,mem,1.0,235
MSC06,mem,0.95,235
MSC07,mem,1.0,235
MSC02,mem,0.9,133
MSC05,mem,1.0,133
MSC06,mem,1.0,133
MSC07,mem,0.95,133
MSC02,mem,1.0,208
MSC05,mem,0.95,208
MSC06,mem,0.95,208
MSC07,mem,1.0,208
MSC02,mem,1.0,316
MSC05,mem,1.0,316
MSC06,mem,0.9444444444444444,316
MSC07,mem,1.0,316
MSC02,mem,1.0,325
MSC05,mem,1.0,325
MSC06,mem,0.9444444444444444,325
MSC07,mem,1.0,325
MSC02,mem,0.9,93
MSC05,mem,1.0,93
MSC06,mem,1.0,93
MSC07,mem,1.0,93
MSC02,mem,1.0,202
MSC05,mem,1.0,202
MSC06,mem,0.95,202
MSC07,mem,1.0,202
MSC02,mem,1.0,225
MSC05,mem,1.0,225
MSC06,mem,0.95,225
MSC07,mem,1.0,225
MSC02,mem,1.0,180
MSC05,mem,1.0,180
MSC06,mem,0.95,180
MSC07,mem,1.0,180
MSC02,mem,1.0,218
MSC05,mem,1.0,218
MSC06,mem,0.95,218
MSC07,mem,1.0,218
MSC02,mem,1.0,316
MSC05,mem,1.0,316
MSC06,mem,0.9444444444444444,316
MSC07,mem,1.0,316
MSC02,mem,1.0,251
MSC05,mem,1.0,251
MSC06,mem,0.9444444444444444,251
MSC07,mem,1.0,251
MSC02,mem,0.7666666666666666,348
MSC05,mem,1.0,348
MSC06,mem,0.9285714285714286,348
MSC07,mem,0.7708333333333333,348
MSC02,mem,0.8,70
MSC05,mem,1.0,70
MSC06,mem,0.8,70
MSC07,mem,0.9,70
MSC02,mem,1.0,188
MSC05,mem,1.0,188
MSC06,mem,0.95,188
MSC07,mem,1.0,188
MSC02,mem,0.9166666666666666,343
MSC05,mem,1.0,343
MSC06,mem,0.9285714285714286,343
MSC07,mem,1.0,343
MSC02,mem,0.9,107
MSC05,mem,1.0,107
MSC06,mem,1.0,107
MSC07,mem,0.95,107
MSC02,mem,1.0,220
MSC05,mem,1.0,220
MSC06,mem,0.95,220
MSC07,mem,1.0,220
MSC02,mem,0.85,72
MSC05,mem,1.0,72
MSC06,mem,0.9,72
MSC07,mem,0.9,72
MSC02,mem,0.95,112
MSC05,mem,1.0,112
MSC06,mem,1.0,112
MSC07,mem,0.95,112
MSC02,mem,1.0,200
MSC05,mem,1.0,200
MSC06,mem,0.95,200
MSC07,mem,1.0,200
MSC02,mem,0.9,96
MSC05,mem,1.0,96
MSC06,mem,1.0,96
MSC07,mem,0.95,96
MSC02,mem,0.9,135
MSC05,mem,1.0,135
MSC06,mem,1.0,135
MSC07,mem,0.95,135
MSC02,mem,1.0,292
MSC05,mem,1.0,292
MSC06,mem,0.9444444444444444,292
MSC07,mem,1.0,292
MSC02,mem,1.0,202
MSC05,mem,1.0,202
MSC06,mem,0.95,202
MSC07,mem,1.0,202
MSC02,mem,1.0,282
MSC05,mem,1.0,282
MSC06,mem,0.9444444444444444,282
MSC07,mem,1.0,282
MSC02,mem,0.9,105
MSC05,mem,1.0,105
MSC06,mem,1.0,105
MSC07,mem,0.95,105
MSC02,mem,0.9,124
MSC05,mem,1.0,124
MSC06,mem,1.0,124
MSC07,mem,1.0,124
MSC02,mem,1.0,190
MSC05,mem,1.0,190
MSC06,mem,0.95,190
MSC07,mem,1.0,190
MSC02,mem,0.8,51
MSC05,mem,0.9,51
MSC06,mem,0.85,51
MSC07,mem,0.7,51
MSC02,mem,1.0,288
MSC05,mem,1.0,288
MSC06,mem,0.9444444444444444,288
MSC07,mem,1.0,288
MSC02,mem,0.9,97
MSC05,mem,1.0,97
MSC06,mem,1.0,97
MSC07,mem,0.95,97
MSC02,mem,0.8,67
MSC05,mem,0.95,67
MSC06,mem,0.8,67
MSC07,mem,0.9,67
MSC02,mem,0.9166666666666666,340
MSC05,mem,1.0,340
MSC06,mem,0.9285714285714286,340
MSC07,mem,1.0,340
MSC02,mem,0.95,112
MSC05,mem,1.0,112
MSC06,mem,1.0,112
MSC07,mem,0.95,112
MSC02,mem,1.0,280
MSC05,mem,1.0,280
MSC06,mem,0.9444444444444444,280
MSC07,mem,1.0,280
MSC02,mem,0.8,51
MSC05,mem,0.9,51
MSC06,mem,0.85,51
MSC07,mem,0.7,51
MSC02,mem,0.95,173
MSC05,mem,1.0,173
MSC06,mem,1.0,173
MSC07,mem,1.0,173
MSC02,mem,1.0,271
MSC05,mem,1.0,271
MSC06,mem,0.9444444444444444,271
MSC07,mem,1.0,271
MSC02,mem,1.0,222
MSC05,mem,1.0,222
MSC06,mem,0.95,222
MSC07,mem,1.0,222
MSC02,mem,0.95,147
MSC05,mem,1.0,147
MSC06,mem,1.0,147
MSC07,mem,1.0,147
MSC02,mem,0.9,106
MSC05,mem,1.0,106
MSC06,mem,1.0,106
MSC07,mem,0.95,106
MSC02,mem,1.0,261
MSC05,mem,1.0,261
MSC06,mem,0.9444444444444444,261
MSC07,mem,1.0,261
MSC02,mem,0.95,148
MSC05,mem,1.0,148
MSC06,mem,1.0,148
MSC07,mem,1.0,148
MSC02,mem,1.0,284
MSC05,mem,1.0,284
MSC06,mem,0.9444444444444444,284
MSC07,mem,1.0,284
MSC02,mem,0.95,165
MSC05,mem,1.0,165
MSC06,mem,1.0,165
MSC07,mem,1.0,165
MSC02,mem,0.95,154
MSC05,mem,1.0,154
MSC06,mem,1.0,154
MSC07,mem,1.0,154
MSC02,mem,1.0,337
MSC05,mem,1.0,337
MSC06,mem,0.9375,337
MSC07,mem,1.0,337
MSC02,mem,0.8,69
MSC05,mem,1.0,69
MSC06,mem,0.8,69
MSC07,mem,0.9,69
MSC02,mem,1.0,244
MSC05,mem,0.95,244
MSC06,mem,0.9444444444444444,244
MSC07,mem,1.0,244
MSC02,mem,0.9166666666666666,340
MSC05,mem,1.0,340
MSC06,mem,0.9285714285714286,340
MSC07,mem,1.0,340
MSC02,mem,1.0,283
MSC05,mem,1.0,283
MSC06,mem,0.9444444444444444,283
MSC07,mem,1.0,283
MSC02,mem,0.9,91
MSC05,mem,1.0,91
MSC06,mem,1.0,91
MSC07,mem,1.0,91
MSC02,mem,0.85,72
MSC05,mem,1.0,72
MSC06,mem,0.9,72
MSC07,mem,0.9,72
MSC02,mem,0.8,63
MSC05,mem,0.85,63
MSC06,mem,0.8,63
MSC07,mem,0.8,63
MSC02,mem,1.0,208
MSC05,mem,0.95,208
MSC06,mem,0.95,208
MSC07,mem,1.0,208
MSC02,mem,0.9,122
MSC05,mem,1.0,122
MSC06,mem,1.0,122
MSC07,mem,1.0,122
MSC02,mem,0.9,103
MSC05,mem,1.0,103
MSC06,mem,1.0,103
MSC07,mem,0.95,103
MSC02,mem,0.9166666666666666,341
MSC05,mem,1.0,341
MSC06,mem,0.9285714285714286,341
MSC07,mem,1.0,341
MSC02,mem,0.95,166
MSC05,mem,1.0,166
MSC06,mem,1.0,166
MSC07,mem,1.0,166
MSC02,mem,1.0,204
MSC05,mem,1.0,204
MSC06,mem,0.95,204
MSC07,mem,1.0,204
MSC02,mem,1.0,305
MSC05,mem,1.0,305
MSC06,mem,0.9444444444444444,305
MSC07,mem,1.0,305
MSC02,mem,1.0,185
MSC05,mem,1.0,185
MSC06,mem,0.95,185
MSC07,mem,1.0,185
MSC02,mem,1.0,248
MSC05,mem,1.0,248
MSC06,mem,0.9444444444444444,248
MSC07,mem,1.0,248
MSC02,mem,1.0,201
MSC05,mem,1.0,201
MSC06,mem,0.95,201
MSC07,mem,1.0,201
MSC02,mem,0.9,132
MSC05,mem,1.0,132
MSC06,mem,1.0,132
MSC07,mem,0.95,132
MSC02,mem,1.0,292
MSC05,mem,1.0,292
MSC06,mem,0.9444444444444444,292
MSC07,mem,1.0,292
MSC02,mem,1.0,273
MSC05,mem,1.0,273
MSC06,mem,0.9444444444444444,273
MSC07,mem,1.0,273
MSC02,mem,0.95,156
MSC05,mem,1.0,156
MSC06,mem,1.0,156
MSC07,mem,1.0,156
MSC02,mem,0.9,107
MSC05,mem,1.0,107
MSC06,mem,1.0,107
MSC07,mem,0.95,107
MSC02,mem,0.9,98
MSC05,mem,1.0,98
MSC06,mem,1.0,98
MSC07,mem,0.95,98
MSC02,mem,1.0,259
MSC05,mem,1.0,259
MSC06,mem,0.9444444444444444,259
MSC07,mem,1.0,259
MSC02,mem,0.9,140
MSC05,mem,1.0,140
MSC06,mem,1.0,140
MSC07,mem,0.95,140
MSC02,mem,1.0,306
MSC05,mem,1.0,306
MSC06,mem,0.9444444444444444,306
MSC07,mem,1.0,306
MSC02,mem,1.0,249
MSC05,mem,1.0,249
MSC06,mem,0.9444444444444444,249
MSC07,mem,1.0,249
MSC02,mem,0.9,120
MSC05,mem,0.95,120
MSC06,mem,1.0,120
MSC07,mem,1.0,120
MSC02,mem,0.95,147
MSC05,mem,1.0,147
MSC06,mem,1.0,147
MSC07,mem,1.0,147
MSC02,mem,0.95,113
MSC05,mem,1.0,113
MSC06,mem,1.0,113
MSC07,mem,0.95,113
MSC02,mem,0.95,114
MSC05,mem,0.95,114
MSC06,mem,1.0,114
MSC07,mem,0.95,114
MSC02,mem,1.0,220
MSC05,mem,1.0,220
MSC06,mem,0.95,220
MSC07,mem,1.0,220
MSC02,mem,0.95,148
MSC05,mem,1.0,148
MSC06,mem,1.0,148
MSC07,mem,1.0,148
MSC02,mem,0.9,132
MSC05,mem,1.0,132
MSC06,mem,1.0,132
MSC07,mem,0.95,132
MSC02,mem,1.0,287
MSC05,mem,1.0,287
MSC06,mem,0.9444444444444444,287
MSC07,mem,1.0,287
MSC02,mem,0.9,124
MSC05,mem,1.0,124
MSC06,mem,1.0,124
MSC07,mem,1.0,124
MSC02,mem,1.0,296
MSC05,mem,1.0,296
MSC06,mem,0.9444444444444444,296
MSC07,mem,1.0,296
MSC02,mem,1.0,215
MSC05,mem,1.0,215
MSC06,mem,0.95,215
MSC07,mem,1.0,215
MSC02,mem,1.0,264
MSC05,mem,1.0,264
MSC06,mem,0.9444444444444444,264
MSC07,mem,1.0,264
MSC02,mem,0.8,65
MSC05,mem,0.95,65
MSC06,mem,0.8,65
MSC07,mem,0.85,65
MSC02,mem,1.0,182
MSC05,mem,1.0,182
MSC06,mem,0.95,182
MSC07,mem,1.0,182
MSC02,mem,1.0,241
MSC05,mem,0.95,241
MSC06,mem,0.9444444444444444,241
MSC07,mem,1.0,241
MSC02,mem,0.85,71
MSC05,mem,1.0,71
MSC06,mem,0.85,71
MSC07,mem,0.9,71
MSC02,mem,0.85,72
MSC05,mem,1.0,72
MSC06,mem,0.9,72
MSC07,mem,0.9,72
MSC02,mem,0.95,157
MSC05,mem,1.0,157
MSC06,mem,1.0,157
MSC07,mem,1.0,157
MSC02,mem,1.0,230
MSC05,mem,1.0,230
MSC06,mem,0.95,230
MSC07,mem,1.0,230
MSC02,mem,0.8,65
MSC05,mem,0.95,65
MSC06,mem,0.8,65
MSC07,mem,0.85,65
MSC02,mem,0.9166666666666666,340
MSC05,mem,1.0,340
MSC06,mem,0.9285714285714286,340
MSC07,mem,1.0,340
MSC02,mem,1.0,287
MSC05,mem,1.0,287
MSC06,mem,0.9444444444444444,287
MSC07,mem,1.0,287
MSC02,mem,0.9,89
MSC05,mem,1.0,89
MSC06,mem,1.0,89
MSC07,mem,1.0,89
MSC02,mem,0.85,71
MSC05,mem,1.0,71
MSC06,mem,0.85,71
MSC07,mem,0.9,71
MSC02,mem,1.0,282
MSC05,mem,1.0,282
MSC06,mem,0.9444444444444444,282
MSC07,mem,1.0,282
MSC02,mem,0.9,78
MSC05,mem,1.0,78
MSC06,mem,0.9,78
MSC07,mem,0.95,78
MSC02,mem,0.95,108
MSC05,mem,1.0,108
MSC06,mem,1.0,108
MSC07,mem,0.95,108
MSC02,mem,0.8,61
MSC05,mem,0.85,61
MSC06,mem,0.8,61
MSC07,mem,0.8,61
MSC02,mem,1.0,259
MSC05,mem,1.0,259
MSC06,mem,0.9444444444444444,259
MSC07,mem,1.0,259
MSC02,mem,0.9,89
MSC05,mem,1.0,89
MSC06,mem,1.0,89
MSC07,mem,1.0,89
MSC02,mem,1.0,194
MSC05,mem,1.0,194
MSC06,mem,0.95,194
MSC07,mem,1.0,194
MSC02,mem,0.8,52
MSC05,mem,0.85,52
MSC06,mem,0.85,52
MSC07,mem,0.75,52
MSC02,mem,1.0,292
MSC05,mem,1.0,292
MSC06,mem,0.9444444444444444,292
MSC07,mem,1.0,292
MSC02,mem,1.0,338
MSC05,mem,1.0,338
MSC06,mem,0.9285714285714286,338
MSC07,mem,1.0,338
MSC02,mem,0.9,137
MSC05,mem,1.0,137
MSC06,mem,1.0,137
MSC07,mem,0.95,137
MSC02,mem,0.95,162
MSC05,mem,1.0,162
MSC06,mem,1.0,162
MSC07,mem,1.0,162
MSC02,mem,0.9,123
MSC05,mem,1.0,123
MSC06,mem,1.0,123
MSC07,mem,1.0,123
MSC02,mem,0.9,126
MSC05,mem,1.0,126
MSC06,mem,1.0,126
MSC07,mem,1.0,126
MSC02,mem,1.0,221
MSC05,mem,1.0,221
MSC06,mem,0.95,221
MSC07,mem,1.0,221
MSC02,mem,1.0,290
MSC05,mem,1.0,290
MSC06,mem,0.9444444444444444,290
MSC07,mem,1.0,290
MSC02,mem,0.95,161
MSC05,mem,1.0,161
MSC06,mem,1.0,161
MSC07,mem,1.0,161
MSC02,mem,1.0,186
MSC05,mem,1.0,186
MSC06,mem,0.95,186
MSC07,mem,1.0,186
MSC02,mem,0.9,133
MSC05,mem,1.0,133
MSC06,mem,1.0,133
MSC07,mem,0.95,133
MSC02,mem,1.0,197
MSC05,mem,1.0,197
MSC06,mem,0.95,197
MSC07,mem,1.0,197
MSC02,mem,1.0,239
MSC05,mem,0.95,239
MSC06,mem,0.95,239
MSC07,mem,1.0,239
MSC02,mem,1.0,330
MSC05,mem,1.0,330
MSC06,mem,0.9444444444444444,330
MSC07,mem,1.0,330
MSC02,mem,0.95,166
MSC05,mem,1.0,166
MSC06,mem,1.0,166
MSC07,mem,1.0,166
MSC02,mem,1.0,312
MSC05,mem,1.0,312
MSC06,mem,0.9444444444444444,312
MSC07,mem,1.0,312
MSC02,mem,1.0,300
MSC05,mem,1.0,300
MSC06,mem,0.9444444444444444,300
MSC07,mem,1.0,300
MSC02,mem,0.8,69
MSC05,mem,1.0,69
MSC06,mem,0.8,69
MSC07,mem,0.9,69
MSC02,mem,0.9,123
MSC05,mem,1.0,123
MSC06,mem,1.0,123
MSC07,mem,1.0,123
MSC02,mem,1.0,216
MSC05,mem,1.0,216
MSC06,mem,0.95,216
MSC07,mem,1.0,216
MSC02,mem,0.9,81
MSC05,mem,1.0,81
MSC06,mem,0.9,81
MSC07,mem,0.95,81
MSC02,mem,0.9,132
MSC05,mem,1.0,132
MSC06,mem,1.0,132
MSC07,mem,0.95,132
MSC02,mem,0.9,98
MSC05,mem,1.0,98
MSC06,mem,1.0,98
MSC07,mem,0.95,98
MSC02,mem,1.0,190
MSC05,mem,1.0,190
MSC06,mem,0.95,190
MSC07,mem,1.0,190
MSC02,mem,0.85,71
MSC05,mem,1.0,71
MSC06,mem,0.85,71
MSC07,mem,0.9,71
MSC02,mem,0.95,110
MSC05,mem,1.0,110
MSC06,mem,1.0,110
MSC07,mem,0.95,110
MSC02,mem,1.0,329
MSC05,mem,1.0,329
MSC06,mem,0.9444444444444444,329
MSC07,mem,1.0,329
MSC02,mem,1.0,205
MSC05,mem,0.95,205
MSC06,mem,0.95,205
MSC07,mem,1.0,205
MSC02,mem,0.9,107
MSC05,mem,1.0,107
MSC06,mem,1.0,107
MSC07,mem,0.95,107
MSC02,mem,1.0,298
MSC05,mem,1.0,298
MSC06,mem,0.9444444444444444,298
MSC07,mem,1.0,298
MSC02,mem,0.95,117
MSC05,mem,1.0,117
MSC06,mem,1.0,117
MSC07,mem,1.0,117
MSC02,mem,1.0,274
MSC05,mem,1.0,274
MSC06,mem,0.9444444444444444,274
MSC07,mem,1.0,274
MSC02,mem,1.0,276
MSC05,mem,1.0,276
MSC06,mem,0.9444444444444444,276
MSC07,mem,1.0,276
MSC02,mem,1.0,272
MSC05,mem,1.0,272
MSC06,mem,0.9444444444444444,272
MSC07,mem,1.0,272
MSC02,mem,0.8,55
MSC05,mem,0.9,55
MSC06,mem,0.85,55
MSC07,mem,0.75,55
MSC02,mem,0.8,59
MSC05,mem,0.85,59
MSC06,mem,0.8,59
MSC07,mem,0.75,59
MSC02,mem,1.0,264
MSC05,mem,1.0,264
MSC06,mem,0.9444444444444444,264
MSC07,mem,1.0,264
MSC02,mem,0.7666666666666666,349
MSC05,mem,1.0,349
MSC06,mem,0.9285714285714286,349
MSC07,mem,0.7708333333333333,349
MSC02,mem,1.0,311
MSC05,mem,1.0,311
MSC06,mem,0.9444444444444444,311
MSC07,mem,1.0,311
MSC02,mem,1.0,316
MSC05,mem,1.0,316
MSC06,mem,0.9444444444444444,316
MSC07,mem,1.0,316
MSC02,mem,0.95,142
MSC05,mem,1.0,142
MSC06,mem,1.0,142
MSC07,mem,0.95,142
MSC02,mem,1.0,262
MSC05,mem,1.0,262
MSC06,mem,0.9444444444444444,262
MSC07,mem,1.0,262
MSC02,mem,1.0,258
MSC05,mem,1.0,258
MSC06,mem,0.9444444444444444,258
MSC07,mem,1.0,258
MSC02,mem,1.0,242
MSC05,mem,0.95,242
MSC06,mem,0.9444444444444444,242
MSC07,mem,1.0,242
MSC02,mem,1.0,308
MSC05,mem,1.0,308
MSC06,mem,0.9444444444444444,308
MSC07,mem,1.0,308
MSC02,mem,0.9,130
MSC05,mem,1.0,130
MSC06,mem,1.0,130
MSC07,mem,0.95,130
MSC02,mem,0.8,68
MSC05,mem,1.0,68
MSC06,mem,0.8,68
MSC07,mem,0.9,68
MSC02,mem,1.0,227
MSC05,mem,1.0,227
MSC06,mem,0.95,227
MSC07,mem,1.0,227
MSC02,mem,0.9,123
MSC05,mem,1.0,123
MSC06,mem,1.0,123
MSC07,mem,1.0,123
MSC02,mem,0.9,104
MSC05,mem,1.0,104
MSC06,mem,1.0,104
MSC07,mem,0.95,104
MSC02,mem,1.0,180
MSC05,mem,1.0,180
MSC06,mem,0.95,180
MSC07,mem,1.0,180
MSC02,mem,1.0,237
MSC05,mem,0.95,237
MSC06,mem,0.95,237
MSC07,mem,1.0,237
MSC02,mem,0.8,57
MSC05,mem,0.85,57
MSC06,mem,0.85,57
MSC07,mem,0.75,57
MSC02,mem,1.0,292
MSC05,mem,1.0,292
MSC06,mem,0.9444444444444444,292
MSC07,mem,1.0,292
MSC02,mem,1.0,212
MSC05,mem,1.0,212
MSC06,mem,0.95,212
MSC07,mem,1.0,212
MSC02,mem,0.95,113
MSC05,mem,1.0,113
MSC06,mem,1.0,113
MSC07,mem,0.95,113
MSC02,mem,0.9,125
MSC05,mem,1.0,125
MSC06,mem,1.0,125
MSC07,mem,1.0,125
MSC02,mem,0.95,169
MSC05,mem,1.0,169
MSC06,mem,1.0,169
MSC07,mem,1.0,169
MSC02,mem,1.0,222
MSC05,mem,1.0,222
MSC06,mem,0.95,222
MSC07,mem,1.0,222
MSC02,mem,1.0,181
MSC05,mem,1.0,181
MSC06,mem,0.95,181
MSC07,mem,1.0,181
MSC02,mem,1.0,321
MSC05,mem,1.0,321
MSC06,mem,0.9444444444444444,321
MSC07,mem,1.0,321
MSC02,mem,0.8,59
MSC05,mem,0.85,59
MSC06,mem,0.8,59
MSC07,mem,0.75,59
MSC02,mem,1.0,287
MSC05,mem,1.0,287
MSC06,mem,0.9444444444444444,287
MSC07,mem,1.0,287
MSC02,mem,1.0,297
MSC05,mem,1.0,297
MSC06,mem,0.9444444444444444,297
MSC07,mem,1.0,297
MSC02,mem,1.0,296
MSC05,mem,1.0,296
MSC06,mem,0.9444444444444444,296
MSC07,mem,1.0,296
MSC02,mem,1.0,198
MSC05,mem,1.0,198
MSC06,mem,0.95,198
MSC07,mem,1.0,198
MSC02,mem,0.95,152
MSC05,mem,1.0,152
MSC06,mem,1.0,152
MSC07,mem,1.0,152
MSC02,mem,0.9,136
MSC05,mem,1.0,136
MSC06,mem,1.0,136
MSC07,mem,0.95,136
MSC02,mem,0.7666666666666666,349
MSC05,mem,1.0,349
MSC06,mem,0.9285714285714286,349
MSC07,mem,0.7708333333333333,349
MSC02,mem,1.0,284
MSC05,mem,1.0,284
MSC06,mem,0.9444444444444444,284
MSC07,mem,1.0,284
MSC02,mem,0.9,135
MSC05,mem,1.0,135
MSC06,mem,1.0,135
MSC07,mem,0.95,135
MSC02,mem,0.9,106
MSC05,mem,1.0,106
MSC06,mem,1.0,106
MSC07,mem,0.95,106
MSC02,mem,1.0,181
MSC05,mem,1.0,181
MSC06,mem,0.95,181
MSC07,mem,1.0,181
MSC02,mem,1.0,244
MSC05,mem,0.95,244
MSC06,mem,0.9444444444444444,244
MSC07,mem,1.0,244
MSC02,mem,1.0,299
MSC05,mem,1.0,299
MSC06,mem,0.9444444444444444,299
MSC07,mem,1.0,299
MSC02,mem,0.9,90
MSC05,mem,1.0,90
MSC06,mem,1.0,90
MSC07,mem,1.0,90
MSC02,mem,0.9,103
MSC05,mem,1.0,103
MSC06,mem,1.0,103
MSC07,mem,0.95,103
MSC02,mem,0.95,170
MSC05,mem,1.0,170
MSC06,mem,1.0,170
MSC07,mem,1.0,170
MSC02,mem,1.0,313
MSC05,mem,1.0,313
MSC06,mem,0.9444444444444444,313
MSC07,mem,1.0,313
MSC02,mem,1.0,231
MSC05,mem,1.0,231
MSC06,mem,0.95,231
MSC07,mem,1.0,231
MSC02,mem,1.0,242
MSC05,mem,0.95,242
MSC06,mem,0.9444444444444444,242
MSC07,mem,1.0,242
MSC02,mem,0.9,137
MSC05,mem,1.0,137
MSC06,mem,1.0,137
MSC07,mem,0.95,137
MSC02,mem,1.0,254
MSC05,mem,1.0,254
MSC06,mem,0.9444444444444444,254
MSC07,mem,1.0,254
MSC02,mem,1.0,299
MSC05,mem,1.0,299
MSC06,mem,0.9444444444444444,299
MSC07,mem,1.0,299
MSC02,mem,0.7666666666666666,349
MSC05,mem,1.0,349
MSC06,mem,0.9285714285714286,349
MSC07,mem,0.7708333333333333,349
MSC02,mem,0.8,58
MSC05,mem,0.85,58
MSC06,mem,0.8,58
MSC07,mem,0.75,58
MSC02,mem,1.0,294
MSC05,mem,1.0,294
MSC06,mem,0.9444444444444444,294
MSC07,mem,1.0,294
MSC02,mem,1.0,227
MSC05,mem,1.0,227
MSC06,mem,0.95,227
MSC07,mem,1.0,227
MSC02,mem,1.0,336
MSC05,mem,1.0,336
MSC06,mem,0.9375,336
MSC07,mem,1.0,336
MSC02,mem,1.0,238
MSC05,mem,0.95,238
MSC06,mem,0.95,238
MSC07,mem,1.0,238
MSC02,mem,1.0,182
MSC05,mem,1.0,182
MSC06,mem,0.95,182
MSC07,mem,1.0,182
MSC02,mem,0.8,62
MSC05,mem,0.85,62
MSC06,mem,0.8,62
MSC07,mem,0.8,62
MSC02,mem,1.0,264
MSC05,mem,1.0,264
MSC06,mem,0.9444444444444444,264
MSC07,mem,1.0,264
MSC02,mem,0.9,76
MSC05,mem,1.0,76
MSC06,mem,0.85,76
MSC07,mem,0.95,76
MSC02,mem,0.9,129
MSC05,mem,1.0,129
MSC06,mem,1.0,129
MSC07,mem,0.95,129
MSC02,mem,1.0,279
MSC05,mem,1.0,279
MSC06,mem,0.9444444444444444,279
MSC07,mem,1.0,279
MSC02,mem,1.0,249
MSC05,mem,1.0,249
MSC06,mem,0.9444444444444444,249
MSC07,mem,1.0,249
MSC02,mem,0.7666666666666666,347
MSC05,mem,1.0,347
MSC06,mem,0.9285714285714286,347
MSC07,mem,0.7708333333333333,347
MSC02,mem,1.0,232
MSC05,mem,1.0,232
MSC06,mem,0.95,232
MSC07,mem,1.0,232
MSC02,mem,1.0,223
MSC05,mem,1.0,223
MSC06,mem,0.95,223
MSC07,mem,1.0,223
MSC02,mem,1.0,296
MSC05,mem,1.0,296
MSC06,mem,0.9444444444444444,296
MSC07,mem,1.0,296
MSC02,mem,1.0,244
MSC05,mem,0.95,244
MSC06,mem,0.9444444444444444,244
MSC07,mem,1.0,244
MSC02,mem,0.9,131
MSC05,mem,1.0,131
MSC06,mem,1.0,131
MSC07,mem,0.95,131
MSC02,mem,1.0,240
MSC05,mem,0.95,240
MSC06,mem,0.95,240
MSC07,mem,1.0,240
MSC02,mem,1.0,238
MSC05,mem,0.95,238
MSC06,mem,0.95,238
MSC07,mem,1.0,238
MSC02,mem,0.9,79
MSC05,mem,1.0,79
MSC06,mem,0.9,79
MSC07,mem,0.95,79
MSC02,mem,1.0,307
MSC05,mem,1.0,307
MSC06,mem,0.9444444444444444,307
MSC07,mem,1.0,307
MSC02,mem,1.0,250
MSC05,mem,1.0,250
MSC06,mem,0.9444444444444444,250
MSC07,mem,1.0,250
MSC02,mem,1.0,331
MSC05,mem,1.0,331
MSC06,mem,0.9444444444444444,331
MSC07,mem,1.0,331
MSC02,mem,1.0,315
MSC05,mem,1.0,315
MSC06,mem,0.9444444444444444,315
MSC07,mem,1.0,315
MSC02,mem,1.0,245
MSC05,mem,1.0,245
MSC06,mem,0.9444444444444444,245
MSC07,mem,1.0,245
MSC02,mem,0.8,50
MSC05,mem,0.9,50
MSC06,mem,0.85,50
MSC07,mem,0.7,50
MSC02,mem,1.0,300
MSC05,mem,1.0,300
MSC06,mem,0.9444444444444444,300
MSC07,mem,1.0,300
MSC02,mem,0.9,107
MSC05,mem,1.0,107
MSC06,mem,1.0,107
MSC07,mem,0.95,107
MSC02,mem,1.0,205
MSC05,mem,0.95,205
MSC06,mem,0.95,205
MSC07,mem,1.0,205
MSC02,mem,0.9,140
MSC05,mem,1.0,140
MSC06,mem,1.0,140
MSC07,mem,0.95,140
MSC02,mem,0.95,150
MSC05,mem,1.0,150
MSC06,mem,1.0,150
MSC07,mem,0.95,150
MSC02,mem,0.8,54
MSC05,mem,0.9,54
MSC06,mem,0.85,54
MSC07,mem,0.75,54
MSC02,mem,1.0,300
MSC05,mem,1.0,300
MSC06,mem,0.9444444444444444,300
MSC07,mem,1.0,300
MSC02,mem,1.0,243
MSC05,mem,0.95,243
MSC06,mem,0.9444444444444444,243
MSC07,mem,1.0,243
MSC02,mem,0.9,125
MSC05,mem,1.0,125
MSC06,mem,1.0,125
MSC07,mem,1.0,125
MSC02,mem,1.0,322
MSC05,mem,1.0,322
MSC06,mem,0.9444444444444444,322
MSC07,mem,1.0,322
MSC02,mem,0.9,107
MSC05,mem,1.0,107
MSC06,mem,1.0,107
MSC07,mem,0.95,107
MSC02,mem,0.95,175
MSC05,mem,1.0,175
MSC06,mem,1.0,175
MSC07,mem,1.0,175
MSC02,mem,0.9,91
MSC05,mem,1.0,91
MSC06,mem,1.0,91
MSC07,mem,1.0,91
MSC02,mem,0.7666666666666666,346
MSC05,mem,1.0,346
MSC06,mem,0.9285714285714286,346
MSC07,mem,1.0,346
MSC02,mem,1.0,302
MSC05,mem,1.0,302
MSC06,mem,0.9444444444444444,302
MSC07,mem,1.0,302
MSC02,mem,1.0,336
MSC05,mem,1.0,336
MSC06,mem,0.9375,336
MSC07,mem,1.0,336
MSC02,mem,1.0,309
MSC05,mem,1.0,309
MSC06,mem,0.9444444444444444,309
MSC07,mem,1.0,309
MSC02,mem,0.9,101
MSC05,mem,1.0,101
MSC06,mem,1.0,101
MSC07,mem,0.95,101
MSC02,mem,0.9,77
MSC05,mem,1.0,77
MSC06,mem,0.85,77
MSC07,mem,0.95,77
MSC02,mem,0.9,141
MSC05,mem,1.0,141
MSC06,mem,1.0,141
MSC07,mem,0.95,141
MSC02,mem,1.0,266
MSC05,mem,1.0,266
MSC06,mem,0.9444444444444444,266
MSC07,mem,1.0,266
MSC02,mem,1.0,200
MSC05,mem,1.0,200
MSC06,mem,0.95,200
MSC07,mem,1.0,200
MSC02,mem,0.9,80
MSC05,mem,1.0,80
MSC06,mem,0.9,80
MSC07,mem,0.95,80
MSC02,mem,1.0,232
MSC05,mem,1.0,232
MSC06,mem,0.95,232
MSC07,mem,1.0,232
MSC02,mem,0.7666666666666666,348
MSC05,mem,1.0,348
MSC06,mem,0.9285714285714286,348
MSC07,mem,0.7708333333333333,348
MSC02,mem,1.0,304
MSC05,mem,1.0,304
MSC06,mem,0.9444444444444444,304
MSC07,mem,1.0,304
MSC02,mem,1.0,179
MSC05,mem,1.0,179
MSC06,mem,0.95,179
MSC07,mem,1.0,179
MSC02,mem,0.8,56
MSC05,mem,0.85,56
MSC06,mem,0.85,56
MSC07,mem,0.75,56
MSC02,mem,0.95,173
MSC05,mem,1.0,173
MSC06,mem,1.0,173
MSC07,mem,1.0,173
MSC02,mem,1.0,210
MSC05,mem,0.95,210
MSC06,mem,0.95,210
MSC07,mem,1.0,210
MSC02,mem,1.0,320
MSC05,mem,1.0,320
MSC06,mem,0.9444444444444444,320
MSC07,mem,1.0,320
MSC02,mem,1.0,277
MSC05,mem,1.0,277
MSC06,mem,0.9444444444444444,277
MSC07,mem,1.0,277
MSC02,mem,1.0,202
MSC05,mem,1.0,202
MSC06,mem,0.95,202
MSC07,mem,1.0,202
MSC02,mem,1.0,338
MSC05,mem,1.0,338
MSC06,mem,0.9285714285714286,338
MSC07,mem,1.0,338
MSC02,mem,0.95,164
MSC05,mem,1.0,164
MSC06,mem,1.0,164
MSC07,mem,1.0,164
MSC02,mem,1.0,235
MSC05,mem,1.0,235
MSC06,mem,0.95,235
MSC07,mem,1.0,235
MSC02,mem,0.8,62
MSC05,mem,0.85,62
MSC06,mem,0.8,62
MSC07,mem,0.8,62
MSC02,mem,0.9,133
MSC05,mem,1.0,133
MSC06,mem,1.0,133
MSC07,mem,0.95,133
MSC02,mem,1.0,220
MSC05,mem,1.0,220
MSC06,mem,0.95,220
MSC07,mem,1.0,220
MSC02,mem,0.9,81
MSC05,mem,1.0,81
MSC06,mem,0.9,81
MSC07,mem,0.95,81
MSC02,mem,1.0,241
MSC05,mem,0.95,241
MSC06,mem,0.9444444444444444,241
MSC07,mem,1.0,241
MSC02,mem,0.9,104
MSC05,mem,1.0,104
MSC06,mem,1.0,104
MSC07,mem,0.95,104
MSC02,mem,0.8,55
MSC05,mem,0.9,55
MSC06,mem,0.85,55
MSC07,mem,0.75,55
MSC02,mem,1.0,338
MSC05,mem,1.0,338
MSC06,mem,0.9285714285714286,338
MSC07,mem,1.0,338
MSC02,mem,0.9,122
MSC05,mem,1.0,122
MSC06,mem,1.0,122
MSC07,mem,1.0,122
MSC02,mem,0.9,134
MSC05,mem,1.0,134
MSC06,mem,1.0,134
MSC07,mem,0.95,134
MSC02,mem,0.9,136
MSC05,mem,1.0,136
MSC06,mem,1.0,136
MSC07,mem,0.95,136
MSC02,mem,0.8,57
MSC05,mem,0.85,57
MSC06,mem,0.85,57
MSC07,mem,0.75,57
MSC02,mem,0.95,149
MSC05,mem,1.0,149
MSC06,mem,1.0,149
MSC07,mem,0.95,149
MSC02,mem,0.95,145
MSC05,mem,1.0,145
MSC06,mem,1.0,145
MSC07,mem,0.95,145
MSC02,mem,0.8,65
MSC05,mem,0.95,65
MSC06,mem,0.8,65
MSC07,mem,0.85,65
MSC02,mem,0.95,170
MSC05,mem,1.0,170
MSC06,mem,1.0,170
MSC07,mem,1.0,170
MSC02,mem,1.0,284
MSC05,mem,1.0,284
MSC06,mem,0.9444444444444444,284
MSC07,mem,1.0,284
MSC02,mem,0.9,136
MSC05,mem,1.0,136
MSC06,mem,1.0,136
MSC07,mem,0.95,136
MSC02,mem,1.0,297
MSC05,mem,1.0,297
MSC06,mem,0.9444444444444444,297
MSC07,mem,1.0,297
MSC02,mem,1.0,246
MSC05,mem,1.0,246
MSC06,mem,0.9444444444444444,246
MSC07,mem,1.0,246
MSC02,mem,1.0,222
MSC05,mem,1.0,222
MSC06,mem,0.95,222
MSC07,mem,1.0,222
MSC02,mem,1.0,196
MSC05,mem,1.0,196
MSC06,mem,0.95,196
MSC07,mem,1.0,196
MSC02,mem,1.0,311
MSC05,mem,1.0,311
MSC06,mem,0.9444444444444444,311
MSC07,mem,1.0,311
MSC02,mem,1.0,323
MSC05,mem,1.0,323
MSC06,mem,0.9444444444444444,323
MSC07,mem,1.0,323
MSC02,mem,1.0,335
MSC05,mem,1.0,335
MSC06,mem,0.9375,335
MSC07,mem,1.0,335
MSC02,mem,0.95,145
MSC05,mem,1.0,145
MSC06,mem,1.0,145
MSC07,mem,0.95,145
MSC02,mem,1.0,336
MSC05,mem,1.0,336
MSC06,mem,0.9375,336
MSC07,mem,1.0,336
MSC02,mem,0.95,149
MSC05,mem,1.0,149
MSC06,mem,1.0,149
MSC07,mem,0.95,149
MSC02,mem,1.0,203
MSC05,mem,1.0,203
MSC06,mem,0.95,203
MSC07,mem,1.0,203
MSC02,mem,1.0,220
MSC05,mem,1.0,220
MSC06,mem,0.95,220
MSC07,mem,1.0,220
MSC02,mem,0.9,124
MSC05,mem,1.0,124
MSC06,mem,1.0,124
MSC07,mem,1.0,124
MSC02,mem,1.0,179
MSC05,mem,1.0,179
MSC06,mem,0.95,179
MSC07,mem,1.0,179
MSC02,mem,1.0,260
MSC05,mem,1.0,260
MSC06,mem,0.9444444444444444,260
MSC07,mem,1.0,260
MSC02,mem,1.0,197
MSC05,mem,1.0,197
MSC06,mem,0.95,197
MSC07,mem,1.0,197
MSC02,mem,1.0,215
MSC05,mem,1.0,215
MSC06,mem,0.95,215
MSC07,mem,1.0,215
MSC02,mem,1.0,302
MSC05,mem,1.0,302
MSC06,mem,0.9444444444444444,302
MSC07,mem,1.0,302
MSC02,mem,1.0,310
MSC05,mem,1.0,310
MSC06,mem,0.9444444444444444,310
MSC07,mem,1.0,310
MSC02,mem,0.95,112
MSC05,mem,1.0,112
MSC06,mem,1.0,112
MSC07,mem,0.95,112
MSC02,mem,1.0,317
MSC05,mem,1.0,317
MSC06,mem,0.9444444444444444,317
MSC07,mem,1.0,317
MSC02,mem,0.8,52
MSC05,mem,0.85,52
MSC06,mem,0.85,52
MSC07,mem,0.75,52
MSC02,mem,0.8,66
MSC05,mem,0.95,66
MSC06,mem,0.8,66
MSC07,mem,0.9,66
MSC02,mem,1.0,178
MSC05,mem,1.0,178
MSC06,mem,0.95,178
MSC07,mem,1.0,178
MSC02,mem,0.9,139
MSC05,mem,1.0,139
MSC06,mem,1.0,139
MSC07,mem,0.95,139
MSC02,mem,1.0,194
MSC05,mem,1.0,194
MSC06,mem,0.95,194
MSC07,mem,1.0,194
MSC02,mem,1.0,324
MSC05,mem,1.0,324
MSC06,mem,0.9444444444444444,324
MSC07,mem,1.0,324
MSC02,mem,1.0,280
MSC05,mem,1.0,280
MSC06,mem,0.9444444444444444,280
MSC07,mem,1.0,280
MSC02,mem,0.9,129
MSC05,mem,1.0,129
MSC06,mem,1.0,129
MSC07,mem,0.95,129
MSC02,mem,1.0,324
MSC05,mem,1.0,324
MSC06,mem,0.9444444444444444,324
MSC07,mem,1.0,324
MSC02,mem,1.0,310
MSC05,mem,1.0,310
MSC06,mem,0.9444444444444444,310
MSC07,mem,1.0,310
MSC02,mem,1.0,324
MSC05,mem,1.0,324
MSC06,mem,0.9444444444444444,324
MSC07,mem,1.0,324
MSC02,mem,1.0,272
MSC05,mem,1.0,272
MSC06,mem,0.9444444444444444,272
MSC07,mem,1.0,272
MSC02,mem,0.95,166
MSC05,mem,1.0,166
MSC06,mem,1.0,166
MSC07,mem,1.0,166
MSC02,mem,0.9,102
MSC05,mem,1.0,102
MSC06,mem,1.0,102
MSC07,mem,0.95,102
MSC02,mem,1.0,338
MSC05,mem,1.0,338
MSC06,mem,0.9285714285714286,338
MSC07,mem,1.0,338
MSC02,mem,0.95,164
MSC05,mem,1.0,164
MSC06,mem,1.0,164
MSC07,mem,1.0,164
MSC02,mem,0.9,103
MSC05,mem,1.0,103
MSC06,mem,1.0,103
MSC07,mem,0.95,103
MSC02,mem,1.0,185
MSC05,mem,1.0,185
MSC06,mem,0.95,185
MSC07,mem,1.0,185
MSC02,mem,0.8,51
MSC05,mem,0.9,51
MSC06,mem,0.85,51
MSC07,mem,0.7,51
MSC02,mem,1.0,235
MSC05,mem,1.0,235
MSC06,mem,0.95,235
MSC07,mem,1.0,235
MSC02,mem,1.0,253
MSC05,mem,1.0,253
MSC06,mem,0.9444444444444444,253
MSC07,mem,1.0,253
MSC02,mem,0.9,120
MSC05,mem,0.95,120
MSC06,mem,1.0,120
MSC07,mem,1.0,120
MSC02,mem,1.0,187
MSC05,mem,1.0,187
MSC06,mem,0.95,187
MSC07,mem,1.0,187
MSC02,mem,0.95,117
MSC05,mem,1.0,117
MSC06,mem,1.0,117
MSC07,mem,1.0,117
MSC02,mem,1.0,193
MSC05,mem,1.0,193
MSC06,mem,0.95,193
MSC07,mem,1.0,193
MSC02,mem,0.9,141
MSC05,mem,1.0,141
MSC06,mem,1.0,141
MSC07,mem,0.95,141
MSC02,mem,1.0,334
MSC05,mem,1.0,334
MSC06,mem,0.9375,334
MSC07,mem,1.0,334
MSC02,mem,1.0,328
MSC05,mem,1.0,328
MSC06,mem,0.9444444444444444,328
MSC07,mem,1.0,328
MSC02,mem,1.0,290
MSC05,mem,1.0,290
MSC06,mem,0.9444444444444444,290
MSC07,mem,1.0,290
MSC02,mem,1.0,219
MSC05,mem,1.0,219
MSC06,mem,0.95,219
MSC07,mem,1.0,219
MSC02,mem,1.0,231
MSC05,mem,1.0,231
MSC06,mem,0.95,231
MSC07,mem,1.0,231
MSC02,mem,1.0,261
MSC05,mem,1.0,261
MSC06,mem,0.9444444444444444,261
MSC07,mem,1.0,261
MSC02,mem,0.95,171
MSC05,mem,1.0,171
MSC06,mem,1.0,171
MSC07,mem,1.0,171
MSC02,mem,0.9,97
MSC05,mem,1.0,97
MSC06,mem,1.0,97
MSC07,mem,0.95,97
MSC02,mem,1.0,289
MSC05,mem,1.0,289
MSC06,mem,0.9444444444444444,289
MSC07,mem,1.0,289
MSC02,mem,1.0,321
MSC05,mem,1.0,321
MSC06,mem,0.9444444444444444,321
MSC07,mem,1.0,321
MSC02,mem,0.9,103
MSC05,mem,1.0,103
MSC06,mem,1.0,103
MSC07,mem,0.95,103
MSC02,mem,1.0,256
MSC05,mem,1.0,256
MSC06,mem,0.9444444444444444,256
MSC07,mem,1.0,256
MSC02,mem,0.9,84
MSC05,mem,1.0,84
MSC06,mem,0.9,84
MSC07,mem,0.95,84
MSC02,mem,1.0,319
MSC05,mem,1.0,319
MSC06,mem,0.9444444444444444,319
MSC07,mem,1.0,319
MSC02,mem,0.95,156
MSC05,mem,1.0,156
MSC06,mem,1.0,156
MSC07,mem,1.0,156
MSC02,mem,0.9,129
MSC05,mem,1.0,129
MSC06,mem,1.0,129
MSC07,mem,0.95,129
MSC02,mem,0.9,82
MSC05,mem,1.0,82
MSC06,mem,0.9,82
MSC07,mem,0.9,82
MSC02,mem,1.0,316
MSC05,mem,1.0,316
MSC06,mem,0.9444444444444444,316
MSC07,mem,1.0,316
MSC02,mem,0.8,51
MSC05,mem,0.9,51
MSC06,mem,0.85,51
MSC07,mem,0.7,51
MSC02,mem,1.0,336
MSC05,mem,1.0,336
MSC06,mem,0.9375,336
MSC07,mem,1.0,336
MSC02,mem,0.9,92
MSC05,mem,1.0,92
MSC06,mem,1.0,92
MSC07,mem,1.0,92
MSC02,mem,1.0,243
MSC05,mem,0.95,243
MSC06,mem,0.9444444444444444,243
MSC07,mem,1.0,243
MSC02,mem,1.0,177
MSC05,mem,1.0,177
MSC06,mem,0.95,177
MSC07,mem,1.0,177
MSC02,mem,0.95,118
MSC05,mem,0.95,118
MSC06,mem,1.0,118
MSC07,mem,1.0,118
MSC02,mem,1.0,252
MSC05,mem,1.0,252
MSC06,mem,0.9444444444444444,252
MSC07,mem,1.0,252
MSC02,mem,0.9,124
MSC05,mem,1.0,124
MSC06,mem,1.0,124
MSC07,mem,1.0,124
MSC02,mem,0.9166666666666666,341
MSC05,mem,1.0,341
MSC06,mem,0.9285714285714286,341
MSC07,mem,1.0,341
MSC02,mem,0.8,69
MSC05,mem,1.0,69
MSC06,mem,0.8,69
MSC07,mem,0.9,69
MSC02,mem,0.8,51
MSC05,mem,0.9,51
MSC06,mem,0.85,51
MSC07,mem,0.7,51
MSC02,mem,0.9,81
MSC05,mem,1.0,81
MSC06,mem,0.9,81
MSC07,mem,0.95,81
MSC02,mem,0.9,127
MSC05,mem,1.0,127
MSC06,mem,1.0,127
MSC07,mem,1.0,127
MSC02,mem,0.95,147
MSC05,mem,1.0,147
MSC06,mem,1.0,147
MSC07,mem,1.0,147
MSC02,mem,0.95,148
MSC05,mem,1.0,148
MSC06,mem,1.0,148
MSC07,mem,1.0,148
MSC02,mem,1.0,214
MSC05,mem,1.0,214
MSC06,mem,0.95,214
MSC07,mem,1.0,214
MSC02,mem,0.9,90
MSC05,mem,1.0,90
MSC06,mem,1.0,90
MSC07,mem,1.0,90
MSC02,mem,1.0,237
MSC05,mem,0.95,237
MSC06,mem,0.95,237
MSC07,mem,1.0,237
MSC02,mem,1.0,247
MSC05,mem,1.0,247
MSC06,mem,0.9444444444444444,247
MSC07,mem,1.0,247
MSC02,mem,1.0,295
MSC05,mem,1.0,295
MSC06,mem,0.9444444444444444,295
MSC07,mem,1.0,295
MSC02,mem,1.0,309
MSC05,mem,1.0,309
MSC06,mem,0.9444444444444444,309
MSC07,mem,1.0,309
MSC02,mem,1.0,206
MSC05,mem,0.95,206
MSC06,mem,0.95,206
MSC07,mem,1.0,206
MSC02,mem,1.0,213
MSC05,mem,1.0,213
MSC06,mem,0.95,213
MSC07,mem,1.0,213
MSC02,mem,1.0,201
MSC05,mem,1.0,201
MSC06,mem,0.95,201
MSC07,mem,1.0,201
MSC02,mem,1.0,230
MSC05,mem,1.0,230
MSC06,mem,0.95,230
MSC07,mem,1.0,230
MSC02,mem,1.0,247
MSC05,mem,1.0,247
MSC06,mem,0.9444444444444444,247
MSC07,mem,1.0,247
MSC02,mem,0.9,130
MSC05,mem,1.0,130
MSC06,mem,1.0,130
MSC07,mem,0.95,130
MSC02,mem,0.95,151
MSC05,mem,1.0,151
MSC06,mem,1.0,151
MSC07,mem,0.95,151
MSC02,mem,1.0,308
MSC05,mem,1.0,308
MSC06,mem,0.9444444444444444,308
MSC07,mem,1.0,308
MSC02,mem,0.95,166
MSC05,mem,1.0,166
MSC06,mem,1.0,166
MSC07,mem,1.0,166
MSC02,mem,0.95,176
MSC05,mem,1.0,176
MSC06,mem,1.0,176
MSC07,mem,1.0,176
MSC02,mem,0.7666666666666666,348
MSC05,mem,1.0,348
MSC06,mem,0.9285714285714286,348
MSC07,mem,0.7708333333333333,348
MSC02,mem,1.0,286
MSC05,mem,1.0,286
MSC06,mem,0.9444444444444444,286
MSC07,mem,1.0,286
MSC02,mem,0.9,124
MSC05,mem,1.0,124
MSC06,mem,1.0,124
MSC07,mem,1.0,124
MSC02,mem,1.0,264
MSC05,mem,1.0,264
MSC06,mem,0.9444444444444444,264
MSC07,mem,1.0,264
MSC02,mem,1.0,264
MSC05,mem,1.0,264
MSC06,mem,0.9444444444444444,264
MSC07,mem,1.0,264
MSC02,mem,0.9,138
MSC05,mem,1.0,138
MSC06,mem,1.0,138
MSC07,mem,0.95,138
MSC02,mem,0.8,70
MSC05,mem,1.0,70
MSC06,mem,0.8,70
MSC07,mem,0.9,70
MSC02,mem,1.0,232
MSC05,mem,1.0,232
MSC06,mem,0.95,232
MSC07,mem,1.0,232
MSC02,mem,1.0,267
MSC05,mem,1.0,267
MSC06,mem,0.9444444444444444,267
MSC07,mem,1.0,267
MSC02,mem,0.95,157
MSC05,mem,1.0,157
MSC06,mem,1.0,157
MSC07,mem,1.0,157
MSC02,mem,1.0,241
MSC05,mem,0.95,241
MSC06,mem,0.9444444444444444,241
MSC07,mem,1.0,241
MSC02,mem,1.0,190
MSC05,mem,1.0,190
MSC06,mem,0.95,190
MSC07,mem,1.0,190
MSC02,mem,1.0,317
MSC05,mem,1.0,317
MSC06,mem,0.9444444444444444,317
MSC07,mem,1.0,317
MSC02,mem,1.0,251
MSC05,mem,1.0,251
MSC06,mem,0.9444444444444444,251
MSC07,mem,1.0,251
MSC02,mem,0.8,56
MSC05,mem,0.85,56
MSC06,mem,0.85,56
MSC07,mem,0.75,56
MSC02,mem,1.0,258
MSC05,mem,1.0,258
MSC06,mem,0.9444444444444444,258
MSC07,mem,1.0,258
MSC02,mem,1.0,256
MSC05,mem,1.0,256
MSC06,mem,0.9444444444444444,256
MSC07,mem,1.0,256
MSC02,mem,0.95,171
MSC05,mem,1.0,171
MSC06,mem,1.0,171
MSC07,mem,1.0,171
MSC02,mem,1.0,297
MSC05,mem,1.0,297
MSC06,mem,0.9444444444444444,297
MSC07,mem,1.0,297
MSC02,mem,1.0,269
MSC05,mem,1.0,269
MSC06,mem,0.9444444444444444,269
MSC07,mem,1.0,269
MSC02,mem,0.85,73
MSC05,mem,1.0,73
MSC06,mem,0.9,73
MSC07,mem,0.9,73
MSC02,mem,1.0,271
MSC05,mem,1.0,271
MSC06,mem,0.9444444444444444,271
MSC07,mem,1.0,271
MSC02,mem,0.9,138
MSC05,mem,1.0,138
MSC06,mem,1.0,138
MSC07,mem,0.95,138
MSC02,mem,1.0,325
MSC05,mem,1.0,325
MSC06,mem,0.9444444444444444,325
MSC07,mem,1.0,325
MSC02,mem,1.0,281
MSC05,mem,1.0,281
MSC06,mem,0.9444444444444444,281
MSC07,mem,1.0,281
MSC02,mem,0.9,92
MSC05,mem,1.0,92
MSC06,mem,1.0,92
MSC07,mem,1.0,92
MSC02,mem,1.0,242
MSC05,mem,0.95,242
MSC06,mem,0.9444444444444444,242
MSC07,mem,1.0,242
MSC02,mem,0.95,165
MSC05,mem,1.0,165
MSC06,mem,1.0,165
MSC07,mem,1.0,165
MSC02,mem,0.9,125
MSC05,mem,1.0,125
MSC06,mem,1.0,125
MSC07,mem,1.0,125
MSC02,mem,1.0,304
MSC05,mem,1.0,304
MSC06,mem,0.9444444444444444,304
MSC07,mem,1.0,304
MSC02,mem,0.9,84
MSC05,mem,1.0,84
MSC06,mem,0.9,84
MSC07,mem,0.95,84
MSC02,mem,0.9,88
MSC05,mem,1.0,88
MSC06,mem,1.0,88
MSC07,mem,1.0,88
MSC02,mem,1.0,238
MSC05,mem,0.95,238
MSC06,mem,0.95,238
MSC07,mem,1.0,238
MSC02,mem,0.9,79
MSC05,mem,1.0,79
MSC06,mem,0.9,79
MSC07,mem,0.95,79
MSC02,mem,0.7666666666666666,349
MSC05,mem,1.0,349
MSC06,mem,0.9285714285714286,349
MSC07,mem,0.7708333333333333,349
MSC02,mem,0.9,94
MSC05,mem,1.0,94
MSC06,mem,1.0,94
MSC07,mem,1.0,94
MSC02,mem,1.0,333
MSC05,mem,1.0,333
MSC06,mem,0.9375,333
MSC07,mem,1.0,333
MSC02,mem,1.0,180
MSC05,mem,1.0,180
MSC06,mem,0.95,180
MSC07,mem,1.0,180
MSC02,mem,1.0,336
MSC05,mem,1.0,336
MSC06,mem,0.9375,336
MSC07,mem,1.0,336
MSC02,mem,0.9,119
MSC05,mem,0.95,119
MSC06,mem,1.0,119
MSC07,mem,1.0,119
MSC02,mem,1.0,252
MSC05,mem,1.0,252
MSC06,mem,0.9444444444444444,252
MSC07,mem,1.0,252
MSC02,mem,0.9,137
MSC05,mem,1.0,137
MSC06,mem,1.0,137
MSC07,mem,0.95,137
MSC02,mem,1.0,260
MSC05,mem,1.0,260
MSC06,mem,0.9444444444444444,260
MSC07,mem,1.0,260
MSC02,mem,1.0,319
MSC05,mem,1.0,319
MSC06,mem,0.9444444444444444,319
MSC07,mem,1.0,319
MSC02,mem,0.8,53
MSC05,mem,0.9,53
MSC06,mem,0.85,53
MSC07,mem,0.75,53
MSC02,mem,1.0,292
MSC05,mem,1.0,292
MSC06,mem,0.9444444444444444,292
MSC07,mem,1.0,292
MSC02,mem,0.95,149
MSC05,mem,1.0,149
MSC06,mem,1.0,149
MSC07,mem,0.95,149
MSC02,mem,1.0,311
MSC05,mem,1.0,311
MSC06,mem,0.9444444444444444,311
MSC07,mem,1.0,311
MSC02,mem,0.9166666666666666,339
MSC05,mem,1.0,339
MSC06,mem,0.9285714285714286,339
MSC07,mem,1.0,339
MSC02,mem,1.0,334
MSC05,mem,1.0,334
MSC06,mem,0.9375,334
MSC07,mem,1.0,334
MSC02,mem,1.0,204
MSC05,mem,1.0,204
MSC06,mem,0.95,204
MSC07,mem,1.0,204
MSC02,mem,1.0,322
MSC05,mem,1.0,322
MSC06,mem,0.9444444444444444,322
MSC07,mem,1.0,322
MSC02,mem,0.95,144
MSC05,mem,1.0,144
MSC06,mem,1.0,144
MSC07,mem,0.95,144
MSC02,mem,1.0,328
MSC05,mem,1.0,328
MSC06,mem,0.9444444444444444,328
MSC07,mem,1.0,328
MSC02,mem,1.0,236
MSC05,mem,1.0,236
MSC06,mem,0.95,236
MSC07,mem,1.0,236
MSC02,mem,1.0,285
MSC05,mem,1.0,285
MSC06,mem,0.9444444444444444,285
MSC07,mem,1.0,285
MSC02,mem,1.0,199
MSC05,mem,1.0,199
MSC06,mem,0.95,199
MSC07,mem,1.0,199
MSC02,mem,1.0,327
MSC05,mem,1.0,327
MSC06,mem,0.9444444444444444,327
MSC07,mem,1.0,327
MSC02,mem,0.8,54
MSC05,mem,0.9,54
MSC06,mem,0.85,54
MSC07,mem,0.75,54
MSC02,mem,1.0,257
MSC05,mem,1.0,257
MSC06,mem,0.9444444444444444,257
MSC07,mem,1.0,257
MSC02,mem,0.95,151
MSC05,mem,1.0,151
MSC06,mem,1.0,151
MSC07,mem,0.95,151
MSC02,mem,0.8,62
MSC05,mem,0.85,62
MSC06,mem,0.8,62
MSC07,mem,0.8,62
MSC02,mem,0.9,98
MSC05,mem,1.0,98
MSC06,mem,1.0,98
MSC07,mem,0.95,98
MSC02,mem,0.9166666666666666,340
MSC05,mem,1.0,340
MSC06,mem,0.9285714285714286,340
MSC07,mem,1.0,340
MSC02,mem,0.9166666666666666,344
MSC05,mem,1.0,344
MSC06,mem,0.9285714285714286,344
MSC07,mem,1.0,344
MSC02,mem,0.7666666666666666,346
MSC05,mem,1.0,346
MSC06,mem,0.9285714285714286,346
MSC07,mem,1.0,346
MSC02,mem,0.9,75
MSC05,mem,1.0,75
MSC06,mem,0.85,75
MSC07,mem,0.9,75
MSC02,mem,1.0,206
MSC05,mem,0.95,206
MSC06,mem,0.95,206
MSC07,mem,1.0,206
MSC02,mem,1.0,251
MSC05,mem,1.0,251
MSC06,mem,0.9444444444444444,251
MSC07,mem,1.0,251
MSC02,mem,0.7666666666666666,345
MSC05,mem,1.0,345
MSC06,mem,0.9285714285714286,345
MSC07,mem,1.0,345
MSC02,mem,0.85,71
MSC05,mem,1.0,71
MSC06,mem,0.85,71
MSC07,mem,0.9,71
MSC02,mem,1.0,291
MSC05,mem,1.0,291
MSC06,mem,0.9444444444444444,291
MSC07,mem,1.0,291
MSC02,mem,1.0,190
MSC05,mem,1.0,190
MSC06,mem,0.95,190
MSC07,mem,1.0,190
MSC02,mem,1.0,268
MSC05,mem,1.0,268
MSC06,mem,0.9444444444444444,268
MSC07,mem,1.0,268
MSC02,mem,0.7666666666666666,350
MSC05,mem,1.0,350
MSC06,mem,0.9444444444444443,350
MSC07,mem,0.7708333333333333,350
MSC02,mem,0.95,117
MSC05,mem,1.0,117
MSC06,mem,1.0,117
MSC07,mem,1.0,117
MSC02,mem,1.0,317
MSC05,mem,1.0,317
MSC06,mem,0.9444444444444444,317
MSC07,mem,1.0,317
MSC02,mem,0.95,148
MSC05,mem,1.0,148
MSC06,mem,1.0,148
MSC07,mem,1.0,148
MSC02,mem,1.0,285
MSC05,mem,1.0,285
MSC06,mem,0.9444444444444444,285
MSC07,mem,1.0,285
MSC02,mem,0.9,96
MSC05,mem,1.0,96
MSC06,mem,1.0,96
MSC07,mem,0.95,96
MSC02,mem,1.0,338
MSC05,mem,1.0,338
MSC06,mem,0.9285714285714286,338
MSC07,mem,1.0,338
MSC02,mem,0.9,105
MSC05,mem,1.0,105
MSC06,mem,1.0,105
MSC07,mem,0.95,105
MSC02,mem,1.0,214
MSC05,mem,1.0,214
MSC06,mem,0.95,214
MSC07,mem,1.0,214
MSC02,mem,0.9,129
MSC05,mem,1.0,129
MSC06,mem,1.0,129
MSC07,mem,0.95,129
MSC02,mem,0.95,176
MSC05,mem,1.0,176
MSC06,mem,1.0,176
MSC07,mem,1.0,176
MSC02,mem,0.95,147
MSC05,mem,1.0,147
MSC06,mem,1.0,147
MSC07,mem,1.0,147
MSC02,mem,1.0,227
MSC05,mem,1.0,227
MSC06,mem,0.95,227
MSC07,mem,1.0,227
MSC02,mem,1.0,244
MSC05,mem,0.95,244
MSC06,mem,0.9444444444444444,244
MSC07,mem,1.0,244
MSC02,mem,0.9,126
MSC05,mem,1.0,126
MSC06,mem,1.0,126
MSC07,mem,1.0,126
MSC02,mem,1.0,190
MSC05,mem,1.0,190
MSC06,mem,0.95,190
MSC07,mem,1.0,190
MSC02,mem,0.9,99
MSC05,mem,1.0,99
MSC06,mem,1.0,99
MSC07,mem,0.95,99
MSC02,mem,0.7666666666666666,349
MSC05,mem,1.0,349
MSC06,mem,0.9285714285714286,349
MSC07,mem,0.7708333333333333,349
MSC02,mem,1.0,268
MSC05,mem,1.0,268
MSC06,mem,0.9444444444444444,268
MSC07,mem,1.0,268
MSC02,mem,0.9,98
MSC05,mem,1.0,98
MSC06,mem,1.0,98
MSC07,mem,0.95,98
MSC02,mem,1.0,252
MSC05,mem,1.0,252
MSC06,mem,0.9444444444444444,252
MSC07,mem,1.0,252
MSC02,mem,1.0,268
MSC05,mem,1.0,268
MSC06,mem,0.9444444444444444,268
MSC07,mem,1.0,268
MSC02,mem,0.85,72
MSC05,mem,1.0,72
MSC06,mem,0.9,72
MSC07,mem,0.9,72
MSC02,mem,1.0,199
MSC05,mem,1.0,199
MSC06,mem,0.95,199
MSC07,mem,1.0,199
MSC02,mem,1.0,177
MSC05,mem,1.0,177
MSC06,mem,0.95,177
MSC07,mem,1.0,177
MSC02,mem,1.0,210
MSC05,mem,0.95,210
MSC06,mem,0.95,210
MSC07,mem,1.0,210
MSC02,mem,0.9,91
MSC05,mem,1.0,91
MSC06,mem,1.0,91
MSC07,mem,1.0,91
MSC02,mem,1.0,243
MSC05,mem,0.95,243
MSC06,mem,0.9444444444444444,243
MSC07,mem,1.0,243
MSC02,mem,0.8,51
MSC05,mem,0.9,51
MSC06,mem,0.85,51
MSC07,mem,0.7,51
MSC02,mem,1.0,181
MSC05,mem,1.0,181
MSC06,mem,0.95,181
MSC07,mem,1.0,181
MSC02,mem,0.8,62
MSC05,mem,0.85,62
MSC06,mem,0.8,62
MSC07,mem,0.8,62
MSC02,mem,0.9,103
MSC05,mem,1.0,103
MSC06,mem,1.0,103
MSC07,mem,0.95,103
MSC02,mem,1.0,218
MSC05,mem,1.0,218
MSC06,mem,0.95,218
MSC07,mem,1.0,218
MSC02,mem,0.9,84
MSC05,mem,1.0,84
MSC06,mem,0.9,84
MSC07,mem,0.95,84
MSC02,mem,0.9,132
MSC05,mem,1.0,132
MSC06,mem,1.0,132
MSC07,mem,0.95,132
MSC02,mem,1.0,237
MSC05,mem,0.95,237
MSC06,mem,0.95,237
MSC07,mem,1.0,237
MSC02,mem,0.9,96
MSC05,mem,1.0,96
MSC06,mem,1.0,96
MSC07,mem,0.95,96
MSC02,mem,1.0,286
MSC05,mem,1.0,286
MSC06,mem,0.9444444444444444,286
MSC07,mem,1.0,286
MSC02,mem,1.0,283
MSC05,mem,1.0,283
MSC06,mem,0.9444444444444444,283
MSC07,mem,1.0,283
MSC02,mem,1.0,213
MSC05,mem,1.0,213
MSC06,mem,0.95,213
MSC07,mem,1.0,213
MSC02,mem,0.95,155
MSC05,mem,1.0,155
MSC06,mem,1.0,155
MSC07,mem,1.0,155
MSC02,mem,1.0,238
MSC05,mem,0.95,238
MSC06,mem,0.95,238
MSC07,mem,1.0,238
MSC02,mem,0.95,116
MSC05,mem,1.0,116
MSC06,mem,1.0,116
MSC07,mem,0.95,116
MSC02,mem,0.95,170
MSC05,mem,1.0,170
MSC06,mem,1.0,170
MSC07,mem,1.0,170
MSC02,mem,0.9,131
MSC05,mem,1.0,131
MSC06,mem,1.0,131
MSC07,mem,0.95,131
MSC02,mem,0.95,158
MSC05,mem,1.0,158
MSC06,mem,1.0,158
MSC07,mem,1.0,158
MSC02,mem,1.0,202
MSC05,mem,1.0,202
MSC06,mem,0.95,202
MSC07,mem,1.0,202
MSC02,mem,1.0,318
MSC05,mem,1.0,318
MSC06,mem,0.9444444444444444,318
MSC07,mem,1.0,318
MSC02,mem,0.9,103
MSC05,mem,1.0,103
MSC06,mem,1.0,103
MSC07,mem,0.95,103
MSC02,mem,0.9,140
MSC05,mem,1.0,140
MSC06,mem,1.0,140
MSC07,mem,0.95,140
MSC02,mem,0.7666666666666666,350
MSC05,mem,1.0,350
MSC06,mem,0.9444444444444443,350
MSC07,mem,0.7708333333333333,350
MSC02,mem,0.9,95
MSC05,mem,1.0,95
MSC06,mem,1.0,95
MSC07,mem,0.95,95
MSC02,mem,1.0,266
MSC05,mem,1.0,266
MSC06,mem,0.9444444444444444,266
MSC07,mem,1.0,266
MSC02,mem,0.8,62
MSC05,mem,0.85,62
MSC06,mem,0.8,62
MSC07,mem,0.8,62
MSC02,mem,1.0,184
MSC05,mem,1.0,184
MSC06,mem,0.95,184
MSC07,mem,1.0,184
MSC02,mem,1.0,214
MSC05,mem,1.0,214
MSC06,mem,0.95,214
MSC07,mem,1.0,214
MSC02,mem,1.0,305
MSC05,mem,1.0,305
MSC06,mem,0.9444444444444444,305
MSC07,mem,1.0,305
MSC02,mem,1.0,328
MSC05,mem,1.0,328
MSC06,mem,0.9444444444444444,328
MSC07,mem,1.0,328
MSC02,mem,1.0,228
MSC05,mem,1.0,228
MSC06,mem,0.95,228
MSC07,mem,1.0,228
MSC02,mem,1.0,275
MSC05,mem,1.0,275
MSC06,mem,0.9444444444444444,275
MSC07,mem,1.0,275
MSC02,mem,0.7666666666666666,345
MSC05,mem,1.0,345
MSC06,mem,0.9285714285714286,345
MSC07,mem,1.0,345
MSC02,mem,1.0,246
MSC05,mem,1.0,246
MSC06,mem,0.9444444444444444,246
MSC07,mem,1.0,246
MSC02,mem,1.0,216
MSC05,mem,1.0,216
MSC06,mem,0.95,216
MSC07,mem,1.0,216
MSC02,mem,1.0,335
MSC05,mem,1.0,335
MSC06,mem,0.9375,335
MSC07,mem,1.0,335
MSC02,mem,1.0,333
MSC05,mem,1.0,333
MSC06,mem,0.9375,333
MSC07,mem,1.0,333
MSC02,mem,0.85,83
MSC05,mem,1.0,83
MSC06,mem,0.9,83
MSC07,mem,0.9,83
MSC02,mem,0.8,62
MSC05,mem,0.85,62
MSC06,mem,0.8,62
MSC07,mem,0.8,62
MSC02,mem,0.95,143
MSC05,mem,1.0,143
MSC06,mem,1.0,143
MSC07,mem,0.95,143
MSC02,mem,0.9,135
MSC05,mem,1.0,135
MSC06,mem,1.0,135
MSC07,mem,0.95,135
MSC02,mem,0.9,101
MSC05,mem,1.0,101
MSC06,mem,1.0,101
MSC07,mem,0.95,101
MSC02,mem,1.0,325
MSC05,mem,1.0,325
MSC06,mem,0.9444444444444444,325
MSC07,mem,1.0,325
MSC02,mem,0.9,81
MSC05,mem,1.0,81
MSC06,mem,0.9,81
MSC07,mem,0.95,81
MSC02,mem,0.95,145
MSC05,mem,1.0,145
MSC06,mem,1.0,145
MSC07,mem,0.95,145
MSC02,mem,1.0,226
MSC05,mem,1.0,226
MSC06,mem,0.95,226
MSC07,mem,1.0,226
MSC02,mem,0.9,99
MSC05,mem,1.0,99
MSC06,mem,1.0,99
MSC07,mem,0.95,99
MSC02,mem,0.9,95
MSC05,mem,1.0,95
MSC06,mem,1.0,95
MSC07,mem,0.95,95
MSC02,mem,1.0,329
MSC05,mem,1.0,329
MSC06,mem,0.9444444444444444,329
MSC07,mem,1.0,329
MSC02,mem,1.0,258
MSC05,mem,1.0,258
MSC06,mem,0.9444444444444444,258
MSC07,mem,1.0,258
MSC02,mem,0.9,81
MSC05,mem,1.0,81
MSC06,mem,0.9,81
MSC07,mem,0.95,81
MSC02,mem,1.0,248
MSC05,mem,1.0,248
MSC06,mem,0.9444444444444444,248
MSC07,mem,1.0,248
MSC02,mem,0.95,161
MSC05,mem,1.0,161
MSC06,mem,1.0,161
MSC07,mem,1.0,161
MSC02,mem,0.8,55
MSC05,mem,0.9,55
MSC06,mem,0.85,55
MSC07,mem,0.75,55
MSC02,mem,1.0,333
MSC05,mem,1.0,333
MSC06,mem,0.9375,333
MSC07,mem,1.0,333
MSC02,mem,0.8,69
MSC05,mem,1.0,69
MSC06,mem,0.8,69
MSC07,mem,0.9,69
MSC02,mem,0.95,166
MSC05,mem,1.0,166
MSC06,mem,1.0,166
MSC07,mem,1.0,166
MSC02,mem,1.0,268
MSC05,mem,1.0,268
MSC06,mem,0.9444444444444444,268
MSC07,mem,1.0,268
MSC02,mem,1.0,180
MSC05,mem,1.0,180
MSC06,mem,0.95,180
MSC07,mem,1.0,180
MSC02,mem,1.0,281
MSC05,mem,1.0,281
MSC06,mem,0.9444444444444444,281
MSC07,mem,1.0,281
MSC02,mem,0.9,103
MSC05,mem,1.0,103
MSC06,mem,1.0,103
MSC07,mem,0.95,103
MSC02,mem,0.7666666666666666,346
MSC05,mem,1.0,346
MSC06,mem,0.9285714285714286,346
MSC07,mem,1.0,346
MSC02,mem,0.85,74
MSC05,mem,1.0,74
MSC06,mem,0.85,74
MSC07,mem,0.9,74
MSC02,mem,1.0,319
MSC05,mem,1.0,319
MSC06,mem,0.9444444444444444,319
MSC07,mem,1.0,319
MSC02,mem,1.0,248
MSC05,mem,1.0,248
MSC06,mem,0.9444444444444444,248
MSC07,mem,1.0,248
MSC02,mem,1.0,239
MSC05,mem,0.95,239
MSC06,mem,0.95,239
MSC07,mem,1.0,239
MSC02,mem,1.0,282
MSC05,mem,1.0,282
MSC06,mem,0.9444444444444444,282
MSC07,mem,1.0,282
MSC02,mem,1.0,315
MSC05,mem,1.0,315
MSC06,mem,0.9444444444444444,315
MSC07,mem,1.0,315
MSC02,mem,0.85,83
MSC05,mem,1.0,83
MSC06,mem,0.9,83
MSC07,mem,0.9,83
MSC02,mem,1.0,254
MSC05,mem,1.0,254
MSC06,mem,0.9444444444444444,254
MSC07,mem,1.0,254
MSC02,mem,1.0,179
MSC05,mem,1.0,179
MSC06,mem,0.95,179
MSC07,mem,1.0,179
MSC02,mem,1.0,218
MSC05,mem,1.0,218
MSC06,mem,0.95,218
MSC07,mem,1.0,218
MSC02,mem,0.95,113
MSC05,mem,1.0,113
MSC06,mem,1.0,113
MSC07,mem,0.95,113
MSC02,mem,1.0,336
MSC05,mem,1.0,336
MSC06,mem,0.9375,336
MSC07,mem,1.0,336
MSC02,mem,1.0,314
MSC05,mem,1.0,314
MSC06,mem,0.9444444444444444,314
MSC07,mem,1.0,314
MSC02,mem,0.7666666666666666,349
MSC05,mem,1.0,349
MSC06,mem,0.9285714285714286,349
MSC07,mem,0.7708333333333333,349
MSC02,mem,1.0,228
MSC05,mem,1.0,228
MSC06,mem,0.95,228
MSC07,mem,1.0,228
MSC02,mem,1.0,262
MSC05,mem,1.0,262
MSC06,mem,0.9444444444444444,262
MSC07,mem,1.0,262
MSC02,mem,0.95,170
MSC05,mem,1.0,170
MSC06,mem,1.0,170
MSC07,mem,1.0,170
MSC02,mem,1.0,293
MSC05,mem,1.0,293
MSC06,mem,0.9444444444444444,293
MSC07,mem,1.0,293
MSC02,mem,0.95,172
MSC05,mem,1.0,172
MSC06,mem,1.0,172
MSC07,mem,1.0,172
MSC02,mem,0.95,158
MSC05,mem,1.0,158
MSC06,mem,1.0,158
MSC07,mem,1.0,158
MSC02,mem,1.0,319
MSC05,mem,1.0,319
MSC06,mem,0.9444444444444444,319
MSC07,mem,1.0,319
MSC02,mem,1.0,193
MSC05,mem,1.0,193
MSC06,mem,0.95,193
MSC07,mem,1.0,193
MSC02,mem,1.0,306
MSC05,mem,1.0,306
MSC06,mem,0.9444444444444444,306
MSC07,mem,1.0,306
MSC02,mem,1.0,249
MSC05,mem,1.0,249
MSC06,mem,0.9444444444444444,249
MSC07,mem,1.0,249
MSC02,mem,1.0,186
MSC05,mem,1.0,186
MSC06,mem,0.95,186
MSC07,mem,1.0,186
MSC02,mem,1.0,190
MSC05,mem,1.0,190
MSC06,mem,0.95,190
MSC07,mem,1.0,190
MSC02,mem,0.9,90
MSC05,mem,1.0,90
MSC06,mem,1.0,90
MSC07,mem,1.0,90
MSC02,mem,1.0,282
MSC05,mem,1.0,282
MSC06,mem,0.9444444444444444,282
MSC07,mem,1.0,282
MSC02,mem,0.95,143
MSC05,mem,1.0,143
MSC06,mem,1.0,143
MSC07,mem,0.95,143
MSC02,mem,1.0,185
MSC05,mem,1.0,185
MSC06,mem,0.95,185
MSC07,mem,1.0,185
MSC02,mem,0.95,154
MSC05,mem,1.0,154
MSC06,mem,1.0,154
MSC07,mem,1.0,154
MSC02,mem,0.9,103
MSC05,mem,1.0,103
MSC06,mem,1.0,103
MSC07,mem,0.95,103
MSC02,mem,1.0,307
MSC05,mem,1.0,307
MSC06,mem,0.9444444444444444,307
MSC07,mem,1.0,307
MSC02,mem,1.0,329
MSC05,mem,1.0,329
MSC06,mem,0.9444444444444444,329
MSC07,mem,1.0,329
MSC02,mem,0.95,159
MSC05,mem,1.0,159
MSC06,mem,1.0,159
MSC07,mem,1.0,159
MSC02,mem,0.9,85
MSC05,mem,1.0,85
MSC06,mem,0.95,85
MSC07,mem,0.95,85
MSC02,mem,1.0,216
MSC05,mem,1.0,216
MSC06,mem,0.95,216
MSC07,mem,1.0,216
MSC02,mem,0.95,161
MSC05,mem,1.0,161
MSC06,mem,1.0,161
MSC07,mem,1.0,161
MSC02,mem,1.0,224
MSC05,mem,1.0,224
MSC06,mem,0.95,224
MSC07,mem,1.0,224
MSC02,mem,0.95,143
MSC05,mem,1.0,143
MSC06,mem,1.0,143
MSC07,mem,0.95,143
MSC02,mem,0.95,145
MSC05,mem,1.0,145
MSC06,mem,1.0,145
MSC07,mem,0.95,145
MSC02,mem,1.0,286
MSC05,mem,1.0,286
MSC06,mem,0.9444444444444444,286
MSC07,mem,1.0,286
MSC02,mem,0.95,116
MSC05,mem,1.0,116
MSC06,mem,1.0,116
MSC07,mem,0.95,116
MSC02,mem,1.0,207
MSC05,mem,0.95,207
MSC06,mem,0.95,207
MSC07,mem,1.0,207
MSC02,mem,1.0,197
MSC05,mem,1.0,197
MSC06,mem,0.95,197
MSC07,mem,1.0,197
MSC02,mem,0.7666666666666666,348
MSC05,mem,1.0,348
MSC06,mem,0.9285714285714286,348
MSC07,mem,0.7708333333333333,348
MSC02,mem,0.95,168
MSC05,mem,1.0,168
MSC06,mem,1.0,168
MSC07,mem,1.0,168
MSC02,mem,0.9,137
MSC05,mem,1.0,137
MSC06,mem,1.0,137
MSC07,mem,0.95,137
MSC02,mem,1.0,189
MSC05,mem,1.0,189
MSC06,mem,0.95,189
MSC07,mem,1.0,189
MSC02,mem,0.9,105
MSC05,mem,1.0,105
MSC06,mem,1.0,105
MSC07,mem,0.95,105
MSC02,mem,1.0,247
MSC05,mem,1.0,247
MSC06,mem,0.9444444444444444,247
MSC07,mem,1.0,247
MSC02,mem,0.7666666666666666,345
MSC05,mem,1.0,345
MSC06,mem,0.9285714285714286,345
MSC07,mem,1.0,345
MSC02,mem,0.95,152
MSC05,mem,1.0,152
MSC06,mem,1.0,152
MSC07,mem,1.0,152
MSC02,mem,1.0,259
MSC05,mem,1.0,259
MSC06,mem,0.9444444444444444,259
MSC07,mem,1.0,259
MSC02,mem,1.0,285
MSC05,mem,1.0,285
MSC06,mem,0.9444444444444444,285
MSC07,mem,1.0,285
MSC02,mem,1.0,244
MSC05,mem,0.95,244
MSC06,mem,0.9444444444444444,244
MSC07,mem,1.0,244
MSC02,mem,0.95,154
MSC05,mem,1.0,154
MSC06,mem,1.0,154
MSC07,mem,1.0,154
MSC02,mem,0.8,61
MSC05,mem,0.85,61
MSC06,mem,0.8,61
MSC07,mem,0.8,61
MSC02,mem,0.8,67
MSC05,mem,0.95,67
MSC06,mem,0.8,67
MSC07,mem,0.9,67
MSC02,mem,1.0,206
MSC05,mem,0.95,206
MSC06,mem,0.95,206
MSC07,mem,1.0,206
MSC02,mem,0.95,116
MSC05,mem,1.0,116
MSC06,mem,1.0,116
MSC07,mem,0.95,116
MSC02,mem,1.0,317
MSC05,mem,1.0,317
MSC06,mem,0.9444444444444444,317
MSC07,mem,1.0,317
MSC02,mem,0.95,173
MSC05,mem,1.0,173
MSC06,mem,1.0,173
MSC07,mem,1.0,173
MSC02,mem,1.0,238
MSC05,mem,0.95,238
MSC06,mem,0.95,238
MSC07,mem,1.0,238
MSC02,mem,1.0,307
MSC05,mem,1.0,307
MSC06,mem,0.9444444444444444,307
MSC07,mem,1.0,307
MSC02,mem,1.0,215
MSC05,mem,1.0,215
MSC06,mem,0.95,215
MSC07,mem,1.0,215
MSC02,mem,1.0,236
MSC05,mem,1.0,236
MSC06,mem,0.95,236
MSC07,mem,1.0,236
MSC02,mem,0.8,54
MSC05,mem,0.9,54
MSC06,mem,0.85,54
MSC07,mem,0.75,54
MSC02,mem,0.9166666666666666,339
MSC05,mem,1.0,339
MSC06,mem,0.9285714285714286,339
MSC07,mem,1.0,339
MSC02,mem,1.0,245
MSC05,mem,1.0,245
MSC06,mem,0.9444444444444444,245
MSC07,mem,1.0,245
MSC02,mem,0.9,102
MSC05,mem,1.0,102
MSC06,mem,1.0,102
MSC07,mem,0.95,102
MSC02,mem,1.0,288
MSC05,mem,1.0,288
MSC06,mem,0.9444444444444444,288
MSC07,mem,1.0,288
MSC02,mem,0.95,108
MSC05,mem,1.0,108
MSC06,mem,1.0,108
MSC07,mem,0.95,108
MSC02,mem,1.0,237
MSC05,mem,0.95,237
MSC06,mem,0.95,237
MSC07,mem,1.0,237
